task,model,fold,wrmsse,wape,wspl,base_model,history
store_dept,SeasonalNaive,0,0.9815066203933736,0.171451523900032,,,
store_dept,SeasonalNaive,0,,,0.2871483435317998,,
store_dept,AggregateElasticNet,0,0.9193930953923898,0.1640809476375579,,,
store_dept,AggregateElasticNet,0,,,0.2541649145679337,,
store_dept,AggregateHistGB,0,0.8185313324455559,0.1425661295652389,,,
store_dept,AggregateHistGB,0,,,0.2622860378432771,,
store_dept,ChildSummaryElasticNet,0,0.9792243503557376,0.1735143661499023,,,
store_dept,ChildSummaryElasticNet,0,,,0.2685220911591582,,
store_dept,ChildSummaryHistGB,0,0.8054498968134203,0.1404588222503662,,,
store_dept,ChildSummaryHistGB,0,,,0.2672567302156985,,
store_dept,BottomUpGlobalHistGB,0,0.8347445424960382,0.1468295454978943,,,
store_dept,BottomUpGlobalHistGB,0,,,0.2429910696880035,,
store_cat,SeasonalNaive,0,0.9130320522999276,0.1417183578014373,,,
store_cat,SeasonalNaive,0,,,0.2682766150678605,,
store_cat,AggregateElasticNet,0,0.915474621674423,0.1371729224920272,,,
store_cat,AggregateElasticNet,0,,,0.2471947343300432,,
store_cat,AggregateHistGB,0,0.7765497923784007,0.1179302260279655,,,
store_cat,AggregateHistGB,0,,,0.2696341341991343,,
store_cat,ChildSummaryElasticNet,0,0.996490388817016,0.1490436345338821,,,
store_cat,ChildSummaryElasticNet,0,,,0.2692552238578961,,
store_cat,ChildSummaryHistGB,0,0.7394109990743869,0.1136907488107681,,,
store_cat,ChildSummaryHistGB,0,,,0.2692234024050137,,
store_cat,BottomUpGlobalHistGB,0,0.776457611867526,0.1196629181504249,,,
store_cat,BottomUpGlobalHistGB,0,,,0.224903307676468,,
state_dept,SeasonalNaive,0,0.9121653536746132,0.1284115612506866,,,
state_dept,SeasonalNaive,0,,,0.2673312358477059,,
state_dept,AggregateElasticNet,0,0.9378928672796863,0.1324567198753357,,,
state_dept,AggregateElasticNet,0,,,0.252777938894672,,
state_dept,AggregateHistGB,0,0.8164472994443148,0.1145567819476127,,,
state_dept,AggregateHistGB,0,,,0.286157140465049,,
state_dept,ChildSummaryElasticNet,0,1.0405882825389454,0.144528329372406,,,
state_dept,ChildSummaryElasticNet,0,,,0.2812397727028923,,
state_dept,ChildSummaryHistGB,0,0.7886319906843187,0.1102934405207634,,,
state_dept,ChildSummaryHistGB,0,,,0.284682918501722,,
state_dept,BottomUpGlobalHistGB,0,0.7592949835743041,0.1070819795131683,,,
state_dept,BottomUpGlobalHistGB,0,,,0.216390764908703,,
store_dept,Reconcilation,0,0.8178279369583579,0.1424500048160553,,,
store_cat,Reconcilation,0,0.7761257557241605,0.1178686246275901,,,
state_dept,Reconcilation,0,0.8159926890911259,0.114496998488903,,,
store_dept,M3_FullSkuTemporalCNN,0,0.7977355123610027,0.1391973979648304,,M3_FullSkuTemporalCNN,"{'train_loss': [0.10669642367349763, 0.06743338012865978, 0.06115278499338574, 0.05842559171354242, 0.05582519640109222, 0.052506020716552075, 0.052000545302011404, 0.05071884004371654, 0.04811714536331484, 0.04377250185814397, 0.04291076937442636, 0.04117347491822513], 'valid_loss': [0.09566905250151952, 0.08335539265757515, 0.09465341470426038, 0.0762514255231335, 0.06851800566627866, 0.058295970427848044, 0.061936190440541224, 0.06070024041192872, 0.1029699149940695, 0.05886516108044556, 0.058749310264275184, 0.061049816278474674]}"
store_dept,M3_FullSkuTemporalCNN_Q,0,,,0.2073499265731656,M3_FullSkuTemporalCNN,"{'train_loss': [0.05192086918674079, 0.03681163753525083, 0.034705378592307934, 0.033740394719385454, 0.032987204190398675, 0.03207330266426643, 0.031636913685963074, 0.031387228529735155, 0.030636699222431982, 0.030620249051582345, 0.029966929140202516, 0.029970355728283306, 0.02952795004646473, 0.02891006744443783, 0.02869254665935568, 0.028381562440339566, 0.02731423845945908, 0.027161258304941243, 0.026674685869457686], 'valid_loss': [0.042419535382872534, 0.03892606056871868, 0.0368038395685809, 0.03694898331803935, 0.036567798877755804, 0.03718266983826955, 0.03580840281432583, 0.03511067423082533, 0.03596133339617934, 0.03917314747259731, 0.03486707276176838, 0.03578534536063671, 0.033808248224002975, 0.03465936125389167, 0.03409417408208052, 0.03454437435028099, 0.033814918161148115, 0.03726456513007482, 0.03387388787454083]}"
store_cat,M3_FullSkuTemporalCNN,0,0.7381322219731491,0.1126632635431529,,M3_FullSkuTemporalCNN,"{'train_loss': [0.17059940513351868, 0.07709325120795048, 0.07013118388666503, 0.0657459046327691, 0.05798774478935647, 0.05688193285430985, 0.054624365325803045, 0.05292235910036098, 0.0510168569911828, 0.04785970117168865, 0.04934972899098849, 0.04795023322790518, 0.04180908108494062, 0.04119132024974659, 0.04009838613585152, 0.03992783655037825, 0.03662472618422632, 0.03613457630506192, 0.035419644042849543, 0.035551547378986734, 0.03512450282344188, 0.034004731114482746, 0.033146865441110625, 0.034104999221176255], 'valid_loss': [0.09283270984888077, 0.08360648564994336, 0.08539262774089972, 0.06959540020260546, 0.07591401168869602, 0.06493831699093183, 0.0731813428716527, 0.06803815762201945, 0.06420607657896148, 0.06660171925193734, 0.07332883899410565, 0.06432972293761041, 0.06316836795045269, 0.0695292200686203, 0.06512734753390154, 0.06416417029168871, 0.06626754696998331, 0.061668402556743884, 0.06412116676155064, 0.06759692639526393, 0.06230731573369768, 0.06644760258495808, 0.06426155873470836, 0.06888995884607235]}"
store_cat,M3_FullSkuTemporalCNN_Q,0,,,0.1885471398953344,M3_FullSkuTemporalCNN,"{'train_loss': [0.07664503792579147, 0.04576140714530972, 0.04228308951032573, 0.03977484625988993, 0.03931031149180456, 0.03743058564676636, 0.037027986304855896, 0.03655752107158475, 0.0359083802621255, 0.03566137789052793, 0.035075668686594084, 0.0345238732538004, 0.03388626552347479, 0.033946136201078864, 0.03241464487094989, 0.03174643988410632, 0.03189318721321808], 'valid_loss': [0.0486156171394719, 0.045597671758797434, 0.042931063349048296, 0.04264716472890642, 0.0403580528166559, 0.04018797083861298, 0.039404741384916835, 0.04055670189360778, 0.039010172171725165, 0.03939132731821802, 0.03795332978996965, 0.039049821885095704, 0.03977464362978935, 0.03839001167151663, 0.039682929093639054, 0.03992326288587517, 0.04000287788609664]}"
state_dept,M3_FullSkuTemporalCNN,0,0.6890043751264109,0.0957799088765063,,M3_FullSkuTemporalCNN,"{'train_loss': [0.18424355408730375, 0.07591153933301152, 0.05780306080515284, 0.05207614722464399, 0.04561196319141069, 0.041564615753789745, 0.04710119747065852, 0.037550817652068705, 0.03516301455829531, 0.037173086979192464, 0.03705741190894435, 0.030820688979060974, 0.030492337965001223, 0.029199061087945902, 0.02928323631460835, 0.026599111124163584, 0.02599348789402123, 0.025102490611215333], 'valid_loss': [0.11339680188231999, 0.06148441242320197, 0.0795903332413189, 0.07329924451926398, 0.057443886758789184, 0.05728380293363616, 0.05172040532269175, 0.04597570605221249, 0.07694575320633631, 0.0494606171453756, 0.06853764693415354, 0.04349159484817868, 0.04371641032279484, 0.04853029886171931, 0.05352865455169526, 0.045826604323727746, 0.04865101328681386, 0.05598658749035427]}"
state_dept,M3_FullSkuTemporalCNN_Q,0,,,0.1882697033069111,M3_FullSkuTemporalCNN,"{'train_loss': [0.07478720387092169, 0.039136101049791615, 0.03540351191055403, 0.03311869670898456, 0.03136462075956937, 0.03184708877358041, 0.030699963615641413, 0.028502266563487366, 0.0277689433991542, 0.027878042472578426, 0.027184061274813313, 0.02722820534396837, 0.026368315639020187, 0.026018183681447125, 0.025963395225321522, 0.02562925348299967, 0.025184203024910784, 0.025367184390722237, 0.02552793343812961, 0.02465861156729642, 0.02484528884316117, 0.024765612679871627], 'valid_loss': [0.039343932909624915, 0.03753577976945847, 0.035615925041456074, 0.03339723308408071, 0.03720976879435872, 0.03687037350166412, 0.03371598128051985, 0.032371391557038776, 0.03182069555161491, 0.03216258738012541, 0.03214678085512585, 0.03184049286776119, 0.032449455547427376, 0.03135911061886757, 0.031517026975514395, 0.0298932728076738, 0.03225461990823821, 0.03251245381340148, 0.0306462108615845, 0.03095131627623997, 0.03259722628290691, 0.030646718624565337]}"
store_dept,DeepSets,0,0.82533301962684,0.1451198914637932,,DeepSets,"{'train_loss': [0.09791135232473536, 0.0646964295826889, 0.05938373021322665, 0.05526244733803745, 0.05425109178782097, 0.05034203256980466, 0.0450818364980993, 0.04451713893434097, 0.0438439782782288], 'valid_loss': [0.08842290604398365, 0.0724646888318516, 0.06102082651285898, 0.06575108596256801, 0.06113502759309042, 0.06428853500457037, 0.06480537032087644, 0.06915056836746988, 0.0630396537837528]}"
store_dept,DeepSets_Q,0,,,0.2015216082352557,DeepSets,"{'train_loss': [0.05048531921295991, 0.03601063778211037, 0.033850343496047805, 0.033084754495344725, 0.03227426045817401, 0.03162736388226155, 0.030987389974773225, 0.03032984847358882, 0.030525256221737768, 0.029163055421022946, 0.028867065009151774, 0.028318596622112936, 0.028678819656445476, 0.028142421929340057, 0.02785304314617453, 0.02787820620765093, 0.02762607062519918, 0.027529481991097844, 0.027310070432172033, 0.027394120742020935, 0.026611125773837414, 0.026379401827680653, 0.026354818372744056], 'valid_loss': [0.04840800364812215, 0.037163665961651576, 0.040091661221924285, 0.03641979472622985, 0.036749418115332014, 0.035439378537592436, 0.04391758017951534, 0.036108836283286413, 0.036555454702604386, 0.035056479860629354, 0.035018572122568176, 0.03549085828874792, 0.03566956944054081, 0.034146292738261676, 0.034566271251865795, 0.0343412343944822, 0.03398740371423108, 0.03498977750894569, 0.03518249302038125, 0.03408999224858625, 0.034422922826239044, 0.03448303389762129, 0.0354970818651574]}"
store_cat,DeepSets,0,0.7544747334814869,0.1160778806888372,,DeepSets,"{'train_loss': [0.144518274398542, 0.07920382388963781, 0.06693189133857859, 0.06018225663694842, 0.05548553847889791, 0.058790645440076957, 0.05156832039784426, 0.05060425436059977, 0.051341381523458435, 0.04718135732343827, 0.04605597505752725, 0.043916716435174835, 0.042810918439993226, 0.038531180916503927, 0.03809178943435351, 0.03779595653344502, 0.037139295602495646, 0.03724579599782311, 0.03780629905475967, 0.036761169685800184, 0.034147473280157506, 0.03309986011778144, 0.0337188080830992, 0.03243104473355858], 'valid_loss': [0.12687996129194895, 0.09426041411028968, 0.07477462088896168, 0.08651109416451719, 0.07037316819445955, 0.07346949531800218, 0.06935513214104705, 0.08933461498883036, 0.06820890572335984, 0.06063153652681245, 0.06494949269625876, 0.06271885728670491, 0.06409139500723945, 0.05980408779448933, 0.06380066536366939, 0.06619688164856699, 0.05952127021219995, 0.06204241816368368, 0.06209523959292306, 0.060591683578160076, 0.058635773923661975, 0.0680776863048474, 0.06528280497425132, 0.05897226648198234]}"
store_cat,DeepSets_Q,0,,,0.1886929392843807,DeepSets,"{'train_loss': [0.07710643366150473, 0.04382264267267852, 0.040112947261539, 0.03857894442204771, 0.03712708512428163, 0.036653678907060075, 0.03533454848260715, 0.034927954490499936, 0.03387481114645114, 0.033827060109925, 0.033623405563077705, 0.03341317610151466, 0.032471091946822475, 0.032499377861961554, 0.032608035510812684, 0.030683359623640435, 0.030428347051486202, 0.0300439335748382], 'valid_loss': [0.051236966169542736, 0.0445849976191918, 0.04463329795334074, 0.044470137192143336, 0.04788488960928387, 0.041603720602062015, 0.041516083975632986, 0.04043188653886318, 0.03921427130699158, 0.04035137332975865, 0.041440719614426295, 0.03801223681204849, 0.039692569358481304, 0.0420130264841848, 0.038469570130109786, 0.038547112751338215, 0.039386398386624125, 0.03949492900735802]}"
state_dept,DeepSets,0,0.8058955138759227,0.112683705076487,,DeepSets,"{'train_loss': [0.1553778800385437, 0.05664129361926237, 0.05394478513108343, 0.04531536509446518, 0.03941201956327913, 0.037043939428694536, 0.032940358414401856, 0.0330803397456444, 0.033296089529171465, 0.03333893838860033, 0.03196101025823497, 0.030262562645100705, 0.03139178157739696, 0.028755871010164323, 0.028786503349328398, 0.02929312302860965, 0.027510814871853112, 0.02555096234930511, 0.02620776796526901, 0.02609691847183043], 'valid_loss': [0.06152602947420544, 0.074216771220404, 0.06823053163668466, 0.09727682811873299, 0.049271692832311, 0.059621203395109325, 0.04677262795822961, 0.051837428103363704, 0.060256012079734654, 0.045426300830311246, 0.045239464039840395, 0.061273737027058524, 0.049559176736880865, 0.0423420849182303, 0.04316939242065899, 0.04561607332693206, 0.05534228392773204, 0.045223478819169695, 0.04364276198404176, 0.04452903923534211]}"
state_dept,DeepSets_Q,0,,,0.1907072222845303,DeepSets,"{'train_loss': [0.07299618779456821, 0.03641824564347518, 0.03365794922820062, 0.03109823887302175, 0.03049266870226864, 0.029284714386234142, 0.027849794180424537, 0.02882971473906819, 0.027903808140133206, 0.02613101560126972, 0.025229726164113907, 0.025391672149129296, 0.024954735359547075, 0.024632513223365807, 0.02377648492709218, 0.023784576794392564, 0.023829259990740488], 'valid_loss': [0.03983381922755923, 0.04242697074299767, 0.03930094648921301, 0.03469658400567751, 0.03492852359537094, 0.031159369600197627, 0.03394440425530312, 0.03665564250614908, 0.04148161257543261, 0.02967249590253073, 0.02911269280409056, 0.030554039315098806, 0.030905773242314655, 0.03050238656855765, 0.03076820938833176, 0.03102207313927393, 0.029286458970062317]}"
store_dept,SetTransformer,0,0.7766837200833498,0.134411209470967,,SetTransformer,"{'train_loss': [0.08939245754045438, 0.0663837155908704, 0.05946527889085557, 0.060444053923802935, 0.055920221049595494, 0.05345624749596905, 0.05546332100002563, 0.04456890378161127, 0.04308923354803635, 0.04248079842867174, 0.04051643379922644, 0.03980578543524271, 0.03969203688954393, 0.03813964170128511, 0.03748201349259267, 0.035615612671416934, 0.03369179050371583, 0.03342663017652121, 0.032929615724116124, 0.032647838378370986, 0.031860817375528656, 0.03201443058234442, 0.031318171777569785, 0.031586138535235904], 'valid_loss': [0.0783333066496111, 0.07143772875978834, 0.07299697823112919, 0.06334314005715506, 0.07324873448482581, 0.06686913745389098, 0.06648212595887128, 0.058964284642466475, 0.05614056902094966, 0.06842593226049627, 0.07019609274076564, 0.05585431054766689, 0.05812715703532809, 0.057162063489002844, 0.05771839443949007, 0.05793394289378609, 0.05551003415492319, 0.05459578816912004, 0.05408036514584507, 0.05282496497744606, 0.05149975634579148, 0.05308887820158686, 0.05423759492557673, 0.05454776676460391]}"
store_dept,SetTransformer_Q,0,,,0.1990720381596029,SetTransformer,"{'train_loss': [0.04530503423288097, 0.035607479467731094, 0.03404584461043181, 0.03281572508290777, 0.03244221157536571, 0.03141025344983404, 0.030751257644865315, 0.030474702332150466, 0.029842841333429803, 0.029362901011619515, 0.027850834956493577, 0.027421896926269597, 0.02732376235174795, 0.02673657337763333, 0.026883028243929883, 0.026529448026598526, 0.026230598364961263, 0.02607916285435261, 0.025137575205617352, 0.024866130490204676, 0.024729287991382805, 0.024602966587256477, 0.02447649341562919, 0.02443002569420364], 'valid_loss': [0.04276295682149274, 0.03714696789781253, 0.037776801061062584, 0.038086033381876494, 0.03552051353312674, 0.03489288295663538, 0.03385050892829895, 0.03827290433858122, 0.03432569447017851, 0.03754920641936007, 0.034054293483495715, 0.034438202831716766, 0.03371300445426078, 0.03385800171111311, 0.032766985307846754, 0.03318581384207521, 0.03319713452032634, 0.033696620627528144, 0.03225221539891902, 0.03221565163916065, 0.03216737861789408, 0.03268940329906486, 0.033439481985710916, 0.03266610040196351]}"
store_cat,SetTransformer,0,0.7078050226395188,0.1076653700362499,,SetTransformer,"{'train_loss': [0.1359720157555722, 0.0739933020328225, 0.06366487586892199, 0.061140332591516536, 0.05895553135859041, 0.06051736410129173, 0.05611817875084863, 0.05246614067890178, 0.04568093011487575, 0.043151407735422254, 0.04253683978177864, 0.04040972482862658, 0.04115481090721214, 0.03899063160107739, 0.03943603057414293, 0.034996731417660396, 0.03500315478371306, 0.03414875023473782, 0.034549345416498595, 0.03457427093352394, 0.03249779912247055, 0.03390812541989759, 0.0326132852552009, 0.030951443660854436], 'valid_loss': [0.08413812927901745, 0.09185215988092953, 0.09840751170284218, 0.07022739483250512, 0.06587804092301262, 0.07422108091413974, 0.08326076186365551, 0.06707619453469912, 0.06655866358843114, 0.06881866351597839, 0.06449252342184385, 0.06421927511692047, 0.06511406095491515, 0.10469823454817136, 0.06935617791281806, 0.06205994143254227, 0.0619947890440623, 0.06306843894223373, 0.060068921620647114, 0.05815050030748049, 0.060296755077110395, 0.06272196860777007, 0.06443056174450451, 0.061825774817003146]}"
store_cat,SetTransformer_Q,0,,,0.1904194378203413,SetTransformer,"{'train_loss': [0.06375245362434578, 0.0432480292715903, 0.04000502221457575, 0.038412767952714845, 0.037133615905012206, 0.03638588829372806, 0.03527419336953725, 0.03569493038130218, 0.034920405889807764, 0.034313342195732156, 0.0335134284356716, 0.03310554658929849, 0.03222964775759256, 0.03213175009379442, 0.03023703502084332, 0.029574682779781435, 0.029608344053314334], 'valid_loss': [0.05541627224948671, 0.04637877067757978, 0.045566024175948565, 0.04497242776883973, 0.04116618943711122, 0.04199231858882639, 0.047732898137635656, 0.040264539958702196, 0.042896830994221896, 0.03984215801788701, 0.038115123493803874, 0.04026066950625844, 0.04089876189827919, 0.042097968525356716, 0.039463799157076415, 0.04093377970986896, 0.038167405914929176]}"
state_dept,SetTransformer,0,0.6972248407343781,0.0972547108089827,,SetTransformer,"{'train_loss': [0.1363216106143699, 0.07115148792918068, 0.058686254021508254, 0.051902437042781385, 0.05211245145362745, 0.040201474468213046, 0.03755359388490273, 0.03647072242143945, 0.035279156851210615, 0.03600454767584825, 0.03330893821483677, 0.03396580700666226, 0.03325928139006367, 0.03262604546101614, 0.028738948664121782, 0.0299447126807385, 0.029060713870738355, 0.026900992134650206, 0.025653811286345786, 0.023769582870258828, 0.024502875192369194, 0.02421001449215099, 0.024482085724699208, 0.022519954675212134], 'valid_loss': [0.07854548143962073, 0.05515382775948161, 0.06658678215056185, 0.06341982541221475, 0.06134758200792093, 0.05442225057927389, 0.05843595542486698, 0.04953152124607374, 0.054903447657587034, 0.04703534991731719, 0.04894006887953433, 0.058112118570577534, 0.044062791540036124, 0.047595137316319674, 0.04173056222498417, 0.0462038323933643, 0.05210693615178267, 0.04495353024039003, 0.039893494445889716, 0.04285518130257962, 0.041223165860015246, 0.038707747301530274, 0.04482136829386628, 0.04674297185348613]}"
state_dept,SetTransformer_Q,0,,,0.1883264388002435,SetTransformer,"{'train_loss': [0.061066404743539096, 0.03808680852058486, 0.034067161261961965, 0.03196679760987927, 0.030856557591085756, 0.030860451345250915, 0.029402233225909753, 0.02889510045938304, 0.02623630714815336, 0.025528288750690582, 0.025547029062102385, 0.025374861623730958, 0.02509714859386383, 0.0238537566831155, 0.023509828661291667, 0.023142280254347863, 0.02314259707530095, 0.022746703630291867, 0.022697879937408592, 0.02254891863524033, 0.022074782398142447, 0.02157321581173511, 0.02163680925145623, 0.021618062662410325], 'valid_loss': [0.04784582165025529, 0.03658872298778049, 0.03426451995850555, 0.033051442768838674, 0.03206992926933463, 0.0336177053136958, 0.03220014753086226, 0.035539228203041215, 0.032917063328481856, 0.0304715677741028, 0.03191655965906287, 0.03079329833151802, 0.032953054363292364, 0.0302743563162429, 0.02929055259104759, 0.02939196534100033, 0.028568639286926815, 0.03198198574994292, 0.02922186166757629, 0.029480517028816162, 0.028270798454445505, 0.02817066114336725, 0.028903023886775212, 0.02981715581365048]}"
store_dept,M0_AggHistOnly,0,0.845752798158261,0.1469774232253101,,M0_AggHistOnly,
store_dept,M0_AggHistOnly,0,,,0.2172918618479473,M0_AggHistOnly,
store_dept,M1_AggHistFutureSummary,0,0.7944842011520383,0.1377565287184725,,M1_AggHistFutureSummary,
store_dept,M1_AggHistFutureSummary,0,,,0.2067691384655601,M1_AggHistFutureSummary,
store_cat,M0_AggHistOnly,0,0.7811176509417073,0.1180157448746491,,M0_AggHistOnly,
store_cat,M0_AggHistOnly,0,,,0.2026340538168395,M0_AggHistOnly,
store_cat,M1_AggHistFutureSummary,0,0.7734152486919754,0.1170678579197737,,M1_AggHistFutureSummary,
store_cat,M1_AggHistFutureSummary,0,,,0.1951456109521841,M1_AggHistFutureSummary,
state_dept,M0_AggHistOnly,0,0.7897799794168604,0.1133096203693425,,M0_AggHistOnly,
state_dept,M0_AggHistOnly,0,,,0.2064994006653517,M0_AggHistOnly,
state_dept,M1_AggHistFutureSummary,0,0.8235620437664614,0.11853188211207,,M1_AggHistFutureSummary,
state_dept,M1_AggHistFutureSummary,0,,,0.2157490184498767,M1_AggHistFutureSummary,
