task,model,fold,wrmsse,wape
store_dept,Reconcilation,1,0.894250891735495,0.15248005092144012
store_dept,Reconcilation,2,0.74643193673428,0.12515735626220703
store_dept,Reconcilation,3,0.7737519748280293,0.12558956444263458
store_dept,Reconcilation,4,0.7783163422557342,0.12236274778842926
store_dept,Reconcilation,5,0.7581097533848131,0.11833742260932922
store_cat,Reconcilation,1,0.8477752148765114,0.12781444191932678
store_cat,Reconcilation,2,0.6884497691686184,0.10521753132343292
store_cat,Reconcilation,3,0.7218170255411219,0.1060967743396759
store_cat,Reconcilation,4,0.7179273721702149,0.10253345221281052
store_cat,Reconcilation,5,0.6707596409835822,0.09611187130212784
state_dept,Reconcilation,1,0.8663058865379085,0.12835147976875305
state_dept,Reconcilation,2,0.6742446352006398,0.09983409941196442
state_dept,Reconcilation,3,0.7243111659186809,0.10163155943155289
state_dept,Reconcilation,4,0.7369376303151932,0.10077571868896484
state_dept,Reconcilation,5,0.6829705960149663,0.09423799067735672
