task,model,fold,wrmsse,wape,wspl,base_model
store_dept,AggregateHistGB,0,0.8049466318860546,0.1222057044506073,,
store_dept,AggregateHistGB,0,,,0.2767736207307859,
store_dept,ChildSummaryHistGB,0,0.800717912931436,0.1210850924253463,,
store_dept,ChildSummaryHistGB,0,,,0.2846505952271221,
store_dept,BottomUpGlobalHistGB,0,0.8080520691325126,0.1231089010834693,,
store_dept,BottomUpGlobalHistGB,0,,,0.240648323542938,
store_dept,M0_AggHistOnly,0,0.7918341869460848,0.1198959397360221,,M0_AggHistOnly
store_dept,M0_AggHistOnly,0,,,0.2093936867142377,M0_AggHistOnly
store_dept,M1_AggHistFutureSummary,0,0.7891279826920337,0.1206690858533482,,M1_AggHistFutureSummary
store_dept,M1_AggHistFutureSummary,0,,,0.2120027149953673,M1_AggHistFutureSummary
store_dept,M3_FullSkuTemporalCNN,0,0.748432264092276,0.1132777936570745,,M3_FullSkuTemporalCNN
store_dept,M3_FullSkuTemporalCNN,0,,,0.1868966683003585,M3_FullSkuTemporalCNN
store_cat,AggregateHistGB,0,0.7076999845571942,0.0993251428008079,,
store_cat,AggregateHistGB,0,,,0.2544719666142262,
store_cat,ChildSummaryHistGB,0,0.7007045385956082,0.0984496101737022,,
store_cat,ChildSummaryHistGB,0,,,0.2660204211831264,
store_cat,BottomUpGlobalHistGB,0,0.7335019338767157,0.1031537055969238,,
store_cat,BottomUpGlobalHistGB,0,,,0.216885037970054,
store_cat,M0_AggHistOnly,0,0.6872100488209258,0.0958031243901602,,M0_AggHistOnly
store_cat,M0_AggHistOnly,0,,,0.1835884243111018,M0_AggHistOnly
store_cat,M1_AggHistFutureSummary,0,0.7224772786112127,0.0997172461221248,,M1_AggHistFutureSummary
store_cat,M1_AggHistFutureSummary,0,,,0.1927629559531598,M1_AggHistFutureSummary
store_cat,M3_FullSkuTemporalCNN,0,0.713656298724566,0.0997116962340154,,M3_FullSkuTemporalCNN
store_cat,M3_FullSkuTemporalCNN,0,,,0.1898616009804214,M3_FullSkuTemporalCNN
state_dept,AggregateHistGB,0,0.7659024955414021,0.0989633053541183,,
state_dept,AggregateHistGB,0,,,0.2759351554647387,
state_dept,ChildSummaryHistGB,0,0.7386574704080315,0.0945590510964393,,
state_dept,ChildSummaryHistGB,0,,,0.2713437197166298,
state_dept,BottomUpGlobalHistGB,0,0.7259447800422478,0.0954964831471443,,
state_dept,BottomUpGlobalHistGB,0,,,0.2080719737614229,
state_dept,M0_AggHistOnly,0,0.7778262679505792,0.1035404262583931,,M0_AggHistOnly
state_dept,M0_AggHistOnly,0,,,0.2039532484198963,M0_AggHistOnly
state_dept,M1_AggHistFutureSummary,0,0.7807100700195049,0.103979844559621,,M1_AggHistFutureSummary
state_dept,M1_AggHistFutureSummary,0,,,0.2049018646823247,M1_AggHistFutureSummary
state_dept,M3_FullSkuTemporalCNN,0,0.7285325899365818,0.0986643011375724,,M3_FullSkuTemporalCNN
state_dept,M3_FullSkuTemporalCNN,0,,,0.1729499956225084,M3_FullSkuTemporalCNN
