task,model,fold,wrmsse,wape,wspl
store_dept,SeasonalNaive,1,1.2008936269165393,0.3032734990119934,
store_dept,SeasonalNaive,1,,,0.35519049132982927
store_dept,AggregateElasticNet,1,1.3268313115276624,0.35525375604629517,
store_dept,AggregateElasticNet,1,,,0.3912430036008488
store_dept,AggregateHistGB,1,0.9381756810894863,0.23794996738433838,
store_dept,AggregateHistGB,1,,,0.3017183597399769
store_dept,ChildSummaryElasticNet,1,2.294914954654097,0.5712897181510925,
store_dept,ChildSummaryElasticNet,1,,,0.7591687485855464
store_dept,ChildSummaryHistGB,1,0.9217454875245839,0.2337205410003662,
store_dept,ChildSummaryHistGB,1,,,0.3012483848933481
store_dept,BottomUpGlobalHistGB,1,0.937014033862103,0.2377415895462036,
store_dept,BottomUpGlobalHistGB,1,,,0.28152198075576146
store_dept,SeasonalNaive,2,1.0270625516057945,0.2482445389032364,
store_dept,SeasonalNaive,2,,,0.2979298488814923
store_dept,AggregateElasticNet,2,0.9603393905066164,0.23860213160514832,
store_dept,AggregateElasticNet,2,,,0.2694445295337475
store_dept,AggregateHistGB,2,0.8672362453059566,0.20684264600276947,
store_dept,AggregateHistGB,2,,,0.2730692451350546
store_dept,ChildSummaryElasticNet,2,1.0177842504766994,0.25281399488449097,
store_dept,ChildSummaryElasticNet,2,,,0.2827339396341681
store_dept,ChildSummaryHistGB,2,0.8581351734932173,0.20501263439655304,
store_dept,ChildSummaryHistGB,2,,,0.27656025491259645
store_dept,BottomUpGlobalHistGB,2,0.933464889546196,0.2192673534154892,
store_dept,BottomUpGlobalHistGB,2,,,0.2771765784343622
store_dept,SeasonalNaive,3,1.0455511651830034,0.25419408082962036,
store_dept,SeasonalNaive,3,,,0.3147452404827946
store_dept,AggregateElasticNet,3,0.978946580271336,0.23896707594394684,
store_dept,AggregateElasticNet,3,,,0.2829090164561001
store_dept,AggregateHistGB,3,0.873348177544352,0.20741136372089386,
store_dept,AggregateHistGB,3,,,0.27981571787253456
store_dept,ChildSummaryElasticNet,3,1.0553266870205342,0.2590925693511963,
store_dept,ChildSummaryElasticNet,3,,,0.30152593012010404
store_dept,ChildSummaryHistGB,3,0.8578114893021874,0.20462912321090698,
store_dept,ChildSummaryHistGB,3,,,0.2810616002872292
store_dept,BottomUpGlobalHistGB,3,0.8716006357979958,0.21042722463607788,
store_dept,BottomUpGlobalHistGB,3,,,0.26564906852949355
store_dept,SeasonalNaive,4,1.0836875675106943,0.25526008009910583,
store_dept,SeasonalNaive,4,,,0.32835627833463665
store_dept,AggregateElasticNet,4,1.216999244010234,0.28390565514564514,
store_dept,AggregateElasticNet,4,,,0.3513275723242469
store_dept,AggregateHistGB,4,0.869518626947005,0.19989122450351715,
store_dept,AggregateHistGB,4,,,0.27760804968940067
store_dept,ChildSummaryElasticNet,4,1.947846815835305,0.41762351989746094,
store_dept,ChildSummaryElasticNet,4,,,0.589191378182793
store_dept,ChildSummaryHistGB,4,0.8546818462838817,0.19663499295711517,
store_dept,ChildSummaryHistGB,4,,,0.2768822189518956
store_dept,BottomUpGlobalHistGB,4,0.8916525915278132,0.20730708539485931,
store_dept,BottomUpGlobalHistGB,4,,,0.2725777862085931
store_dept,SeasonalNaive,5,1.0314149889458366,0.23877672851085663,
store_dept,SeasonalNaive,5,,,0.3042867474757449
store_dept,AggregateElasticNet,5,1.1349580418570742,0.2623312771320343,
store_dept,AggregateElasticNet,5,,,0.32115278032361494
store_dept,AggregateHistGB,5,0.831032504661084,0.18930783867835999,
store_dept,AggregateHistGB,5,,,0.2589094179736348
store_dept,ChildSummaryElasticNet,5,1.8681385299536095,0.39960432052612305,
store_dept,ChildSummaryElasticNet,5,,,0.563431758152434
store_dept,ChildSummaryHistGB,5,0.8205454101059888,0.1861211061477661,
store_dept,ChildSummaryHistGB,5,,,0.2595300552630685
store_dept,BottomUpGlobalHistGB,5,0.834011863498155,0.1896880865097046,
store_dept,BottomUpGlobalHistGB,5,,,0.24107068568191742
store_cat,SeasonalNaive,1,1.1493461730881493,0.24538764357566833,
store_cat,SeasonalNaive,1,,,0.3292779277377628
store_cat,AggregateElasticNet,1,1.5366079815924913,0.3399822413921356,
store_cat,AggregateElasticNet,1,,,0.4835552237062633
store_cat,AggregateHistGB,1,0.8994675400006669,0.19071395695209503,
store_cat,AggregateHistGB,1,,,0.2969443929987746
store_cat,ChildSummaryElasticNet,1,2.9074589882991613,0.5765944123268127,
store_cat,ChildSummaryElasticNet,1,,,1.0255924655220061
store_cat,ChildSummaryHistGB,1,0.8877639434998368,0.1886683851480484,
store_cat,ChildSummaryHistGB,1,,,0.3022278645233525
store_cat,BottomUpGlobalHistGB,1,0.8626227446517735,0.18447653949260712,
store_cat,BottomUpGlobalHistGB,1,,,0.2475619716817009
store_cat,SeasonalNaive,2,0.9488270457040776,0.19754044711589813,
store_cat,SeasonalNaive,2,,,0.2692148711190242
store_cat,AggregateElasticNet,2,0.9688026960342007,0.19693297147750854,
store_cat,AggregateElasticNet,2,,,0.2599337979643017
store_cat,AggregateHistGB,2,0.7959207246699214,0.161946639418602,
store_cat,AggregateHistGB,2,,,0.2561382498620085
store_cat,ChildSummaryElasticNet,2,1.1826083813684,0.2339940071105957,
store_cat,ChildSummaryElasticNet,2,,,0.32151649430341767
store_cat,ChildSummaryHistGB,2,0.7888043730721945,0.1603507399559021,
store_cat,ChildSummaryHistGB,2,,,0.26263405736952466
store_cat,BottomUpGlobalHistGB,2,0.8843948588779482,0.17462122440338135,
store_cat,BottomUpGlobalHistGB,2,,,0.24998807398527748
store_cat,SeasonalNaive,3,1.002234044302557,0.2048456072807312,
store_cat,SeasonalNaive,3,,,0.2931961824159482
store_cat,AggregateElasticNet,3,1.0082059093186895,0.19742412865161896,
store_cat,AggregateElasticNet,3,,,0.28070617905281153
store_cat,AggregateHistGB,3,0.8287431246414982,0.16609157621860504,
store_cat,AggregateHistGB,3,,,0.2706953178846321
store_cat,ChildSummaryElasticNet,3,1.191709196114946,0.22991196811199188,
store_cat,ChildSummaryElasticNet,3,,,0.3367236297002276
store_cat,ChildSummaryHistGB,3,0.8277240300847051,0.165133997797966,
store_cat,ChildSummaryHistGB,3,,,0.2806474946898731
store_cat,BottomUpGlobalHistGB,3,0.8369128769390622,0.1696658879518509,
store_cat,BottomUpGlobalHistGB,3,,,0.24779753405638066
store_cat,SeasonalNaive,4,1.0518093057785367,0.2069762647151947,
store_cat,SeasonalNaive,4,,,0.3089506550975964
store_cat,AggregateElasticNet,4,1.3968340660806111,0.2668708264827728,
store_cat,AggregateElasticNet,4,,,0.42512630487851516
store_cat,AggregateHistGB,4,0.8442176682046101,0.16458766162395477,
store_cat,AggregateHistGB,4,,,0.27930895842312564
store_cat,ChildSummaryElasticNet,4,2.317970593341691,0.41666465997695923,
store_cat,ChildSummaryElasticNet,4,,,0.7917731684237227
store_cat,ChildSummaryHistGB,4,0.8310472805987632,0.16026540100574493,
store_cat,ChildSummaryHistGB,4,,,0.2821320504341765
store_cat,BottomUpGlobalHistGB,4,0.8468260719667658,0.16473956406116486,
store_cat,BottomUpGlobalHistGB,4,,,0.2515734473894433
store_cat,SeasonalNaive,5,0.9772296306847983,0.19023434817790985,
store_cat,SeasonalNaive,5,,,0.28102078333747427
store_cat,AggregateElasticNet,5,1.2831951673913893,0.24615205824375153,
store_cat,AggregateElasticNet,5,,,0.38932459824590326
store_cat,AggregateHistGB,5,0.7978244625403006,0.15352687239646912,
store_cat,AggregateHistGB,5,,,0.25534290997537357
store_cat,ChildSummaryElasticNet,5,2.2090492681909177,0.3979962468147278,
store_cat,ChildSummaryElasticNet,5,,,0.7700407728652142
store_cat,ChildSummaryHistGB,5,0.791759624357151,0.1514400839805603,
store_cat,ChildSummaryHistGB,5,,,0.26071383870296894
store_cat,BottomUpGlobalHistGB,5,0.7635738924275511,0.14556095004081726,
store_cat,BottomUpGlobalHistGB,5,,,0.21297863799943012
state_dept,SeasonalNaive,1,1.215486219264062,0.22648252546787262,
state_dept,SeasonalNaive,1,,,0.35994906054676573
state_dept,AggregateElasticNet,1,1.6189901594105844,0.3075810968875885,
state_dept,AggregateElasticNet,1,,,0.5018674432758718
state_dept,AggregateHistGB,1,0.9112010200550595,0.1683974415063858,
state_dept,AggregateHistGB,1,,,0.30098796578605447
state_dept,ChildSummaryElasticNet,1,2.7387598159227675,0.46850350499153137,
state_dept,ChildSummaryElasticNet,1,,,0.9284162626218352
state_dept,ChildSummaryHistGB,1,0.8924097129723829,0.16483332216739655,
state_dept,ChildSummaryHistGB,1,,,0.30203198994198843
state_dept,BottomUpGlobalHistGB,1,0.916360563879334,0.17254729568958282,
state_dept,BottomUpGlobalHistGB,1,,,0.26743974345726607
state_dept,SeasonalNaive,2,0.9396829866337308,0.16908599436283112,
state_dept,SeasonalNaive,2,,,0.2710256874113186
state_dept,AggregateElasticNet,2,0.9944142141566004,0.17600074410438538,
state_dept,AggregateElasticNet,2,,,0.26759647887343563
state_dept,AggregateHistGB,2,0.8011279899819782,0.1423722803592682,
state_dept,AggregateHistGB,2,,,0.266226400269134
state_dept,ChildSummaryElasticNet,2,1.1228478100656447,0.19915653765201569,
state_dept,ChildSummaryElasticNet,2,,,0.3054457811723636
state_dept,ChildSummaryHistGB,2,0.7947383932977892,0.1432654857635498,
state_dept,ChildSummaryHistGB,2,,,0.2740386398001482
state_dept,BottomUpGlobalHistGB,2,0.8707071380107249,0.15184973180294037,
state_dept,BottomUpGlobalHistGB,2,,,0.249335550407731
state_dept,SeasonalNaive,3,0.9703299205124014,0.17140734195709229,
state_dept,SeasonalNaive,3,,,0.2842314625119847
state_dept,AggregateElasticNet,3,1.0345263877510824,0.18102958798408508,
state_dept,AggregateElasticNet,3,,,0.2877903963569021
state_dept,AggregateHistGB,3,0.8483534438890086,0.1509874165058136,
state_dept,AggregateHistGB,3,,,0.29183151295286736
state_dept,ChildSummaryElasticNet,3,1.2119318158177277,0.21110263466835022,
state_dept,ChildSummaryElasticNet,3,,,0.33974259839726
state_dept,ChildSummaryHistGB,3,0.8392097585658658,0.14950773119926453,
state_dept,ChildSummaryHistGB,3,,,0.2960092105843296
state_dept,BottomUpGlobalHistGB,3,0.8421647505426089,0.15135179460048676,
state_dept,BottomUpGlobalHistGB,3,,,0.24968277265610206
state_dept,SeasonalNaive,4,1.016546212969908,0.17574356496334076,
state_dept,SeasonalNaive,4,,,0.30134255517562447
state_dept,AggregateElasticNet,4,1.4048904355218896,0.23988544940948486,
state_dept,AggregateElasticNet,4,,,0.4140531968658427
state_dept,AggregateHistGB,4,0.8354207493218311,0.14236442744731903,
state_dept,AggregateHistGB,4,,,0.28289256643033817
state_dept,ChildSummaryElasticNet,4,2.4412050855009304,0.396659255027771,
state_dept,ChildSummaryElasticNet,4,,,0.8294495880026141
state_dept,ChildSummaryHistGB,4,0.8257236408059317,0.14073768258094788,
state_dept,ChildSummaryHistGB,4,,,0.2866358082934801
state_dept,BottomUpGlobalHistGB,4,0.8698182198840878,0.15099552273750305,
state_dept,BottomUpGlobalHistGB,4,,,0.26063969270168585
state_dept,SeasonalNaive,5,0.9457433804895843,0.16298653185367584,
state_dept,SeasonalNaive,5,,,0.27918992624385014
state_dept,AggregateElasticNet,5,1.275590285364672,0.21962973475456238,
state_dept,AggregateElasticNet,5,,,0.37517037595799235
state_dept,AggregateHistGB,5,0.7918475602875825,0.13203264772891998,
state_dept,AggregateHistGB,5,,,0.26203635498976113
state_dept,ChildSummaryElasticNet,5,2.3924526851166856,0.39778560400009155,
state_dept,ChildSummaryElasticNet,5,,,0.848068257696052
state_dept,ChildSummaryHistGB,5,0.7636822908464774,0.1292891502380371,
state_dept,ChildSummaryHistGB,5,,,0.2594287575234852
state_dept,BottomUpGlobalHistGB,5,0.7749086466903953,0.1308937817811966,
state_dept,BottomUpGlobalHistGB,5,,,0.21997568465675219
