model,state_dept,store_cat,store_dept,Mean
SetTransformer,0.7513940178453059,0.7706076622428981,0.8455557547066067,0.7891858115982702
M3_FullSkuTemporalCNN,0.7352432589909983,0.7868987862592945,0.8576136658023321,0.7932519036842084
DeepSets,0.7710179222621064,0.76647560588349,0.8489889921258527,0.7954941734238163
BottomUpGlobalHistGB,0.7860876326557842,0.7821361068051726,0.8510500802495982,0.806424606570185
ChildSummaryHistGB,0.7988801764281845,0.790641335805599,0.8605857407649057,0.8167024176662298
AggregateHistGB,0.806929426691429,0.811339700361019,0.8658613413451296,0.8280434894658592
AggregateElasticNet,0.9008089310210388,0.8764819540716086,0.90595322724531,0.8944147041126524
ChildSummaryElasticNet,0.9581039948695508,0.9538689882005544,0.9494331676712616,0.9538020502471224
SeasonalNaive,0.9575761566111428,0.9745962077046804,1.073974290739491,1.0020488850184381
