task,fold,model,base_model,agg_id,origin_time,row_id,revenue_28,weight,metric,metric_value
state_dept,1,DeepSets,DeepSets,CA__FOODS_1,1400,0,83632.6171875,0.027950457497993245,rmsse,2.0480537925308098
state_dept,1,DeepSets,DeepSets,CA__FOODS_2,1400,1,164095.015625,0.054841411330896594,rmsse,1.2606526576289725
state_dept,1,DeepSets,DeepSets,CA__FOODS_3,1400,2,504658.75,0.16865959020798937,rmsse,1.0359220517034566
state_dept,1,DeepSets,DeepSets,CA__HOBBIES_1,1400,3,161149.171875,0.05385689496277306,rmsse,1.0983711173433828
state_dept,1,DeepSets,DeepSets,CA__HOBBIES_2,1400,4,10923.298828125,0.0036506235234620883,rmsse,2.0049896518423878
state_dept,1,DeepSets,DeepSets,CA__HOUSEHOLD_1,1400,5,302646.59375,0.10114607242957512,rmsse,0.9953833398456811
state_dept,1,DeepSets,DeepSets,CA__HOUSEHOLD_2,1400,6,109452.75,0.03657968074889717,rmsse,0.9999908048185779
state_dept,1,DeepSets,DeepSets,TX__FOODS_1,1400,7,52726.58984375,0.017621501729855292,rmsse,1.781592512482118
state_dept,1,DeepSets,DeepSets,TX__FOODS_2,1400,8,113405.421875,0.03790068433530907,rmsse,0.9837777747950255
state_dept,1,DeepSets,DeepSets,TX__FOODS_3,1400,9,305063.8125,0.10195391956155898,rmsse,0.9352806356049985
state_dept,1,DeepSets,DeepSets,TX__HOBBIES_1,1400,10,93580.7578125,0.03127517805647747,rmsse,0.8984973058013188
state_dept,1,DeepSets,DeepSets,TX__HOBBIES_2,1400,11,9269.640625,0.0030979623145102123,rmsse,2.2904826252229813
state_dept,1,DeepSets,DeepSets,TX__HOUSEHOLD_1,1400,12,196607.921875,0.06570739442263092,rmsse,1.0068880340526254
state_dept,1,DeepSets,DeepSets,TX__HOUSEHOLD_2,1400,13,53741.109375,0.017960559456286523,rmsse,1.1075660321916674
state_dept,1,DeepSets,DeepSets,WI__FOODS_1,1400,14,47736.96875,0.015953944298293835,rmsse,1.3730477358401418
state_dept,1,DeepSets,DeepSets,WI__FOODS_2,1400,15,164928.234375,0.05511987738925507,rmsse,1.314611735679266
state_dept,1,DeepSets,DeepSets,WI__FOODS_3,1400,16,320789.625,0.10720956823888338,rmsse,0.8273279355440213
state_dept,1,DeepSets,DeepSets,WI__HOBBIES_1,1400,17,81234.9921875,0.027149158699602393,rmsse,0.7778542574042386
state_dept,1,DeepSets,DeepSets,WI__HOBBIES_2,1400,18,6896.14013671875,0.0023047260539440805,rmsse,3.229127929760416
state_dept,1,DeepSets,DeepSets,WI__HOUSEHOLD_1,1400,19,162151.5,0.054191878257556794,rmsse,1.2039173802641958
state_dept,1,DeepSets,DeepSets,WI__HOUSEHOLD_2,1400,20,47482.55078125,0.01586891648424935,rmsse,1.4295356497087008
state_dept,1,DeepSets,DeepSets,CA__FOODS_1,1428,21,106770.9140625,0.03722904926990014,rmsse,1.1244709469651992
state_dept,1,DeepSets,DeepSets,CA__FOODS_2,1428,22,144754.703125,0.05047329623436408,rmsse,0.545909759324936
state_dept,1,DeepSets,DeepSets,CA__FOODS_3,1428,23,447570.1875,0.15605947283004643,rmsse,0.32325076317292273
state_dept,1,DeepSets,DeepSets,CA__HOBBIES_1,1428,24,160946.1875,0.0561189683243945,rmsse,0.7104311877805913
state_dept,1,DeepSets,DeepSets,CA__HOBBIES_2,1428,25,11835.0107421875,0.004126650051649648,rmsse,3.534099654454023
state_dept,1,DeepSets,DeepSets,CA__HOUSEHOLD_1,1428,26,281785.5625,0.09825343055242727,rmsse,0.7503369948563355
state_dept,1,DeepSets,DeepSets,CA__HOUSEHOLD_2,1428,27,101080.671875,0.03524496672629564,rmsse,0.6289288038313129
state_dept,1,DeepSets,DeepSets,TX__FOODS_1,1428,28,65300.953125,0.02276923844483514,rmsse,1.0988706755908506
state_dept,1,DeepSets,DeepSets,TX__FOODS_2,1428,29,107942.734375,0.037637641408804136,rmsse,0.6135154695368925
state_dept,1,DeepSets,DeepSets,TX__FOODS_3,1428,30,295754.09375,0.10312399987086524,rmsse,0.41152149450930864
state_dept,1,DeepSets,DeepSets,TX__HOBBIES_1,1428,31,90596.53125,0.03158934017942343,rmsse,0.5269556095948202
state_dept,1,DeepSets,DeepSets,TX__HOBBIES_2,1428,32,10101.060546875,0.003522053586220358,rmsse,3.595778819796308
state_dept,1,DeepSets,DeepSets,TX__HOUSEHOLD_1,1428,33,185909.953125,0.06482337315763718,rmsse,0.6235608157383902
state_dept,1,DeepSets,DeepSets,TX__HOUSEHOLD_2,1428,34,51238.65234375,0.01786597341961622,rmsse,0.7008800882278639
state_dept,1,DeepSets,DeepSets,WI__FOODS_1,1428,35,60231.109375,0.021001477398517227,rmsse,1.0548899322263738
state_dept,1,DeepSets,DeepSets,WI__FOODS_2,1428,36,156214.515625,0.05446912157624116,rmsse,1.0728360617911135
state_dept,1,DeepSets,DeepSets,WI__FOODS_3,1428,37,303553.65625,0.10584356351931534,rmsse,0.609705776706378
state_dept,1,DeepSets,DeepSets,WI__HOBBIES_1,1428,38,82276.625,0.02868834225857686,rmsse,1.0637384968422205
state_dept,1,DeepSets,DeepSets,WI__HOBBIES_2,1428,39,7989.9501953125,0.0027859483277553987,rmsse,5.875998760739024
state_dept,1,DeepSets,DeepSets,WI__HOUSEHOLD_1,1428,40,150839.921875,0.05259509982339449,rmsse,1.071064336249142
state_dept,1,DeepSets,DeepSets,WI__HOUSEHOLD_2,1428,41,45253.3046875,0.015778993039720097,rmsse,1.5544475262667563
state_dept,1,DeepSets,DeepSets,CA__FOODS_1,1456,42,93932.703125,0.03207441539803845,rmsse,0.973927819025504
state_dept,1,DeepSets,DeepSets,CA__FOODS_2,1456,43,146614.828125,0.05006334050171369,rmsse,0.7377032990136363
state_dept,1,DeepSets,DeepSets,CA__FOODS_3,1456,44,473283.96875,0.16160832287258578,rmsse,0.44919843803309956
state_dept,1,DeepSets,DeepSets,CA__HOBBIES_1,1456,45,169183.390625,0.05776963899499037,rmsse,0.541406197076078
state_dept,1,DeepSets,DeepSets,CA__HOBBIES_2,1456,46,7881.1396484375,0.0026911069146764222,rmsse,2.136757729090549
state_dept,1,DeepSets,DeepSets,CA__HOUSEHOLD_1,1456,47,284822.875,0.09725608764241107,rmsse,0.609696972803717
state_dept,1,DeepSets,DeepSets,CA__HOUSEHOLD_2,1456,48,103049.7890625,0.035187550566626626,rmsse,0.706479948401141
state_dept,1,DeepSets,DeepSets,TX__FOODS_1,1456,49,59094.82421875,0.020178615932556775,rmsse,1.3452838147316353
state_dept,1,DeepSets,DeepSets,TX__FOODS_2,1456,50,105692.1328125,0.036089809612117184,rmsse,0.6354752139198687
state_dept,1,DeepSets,DeepSets,TX__FOODS_3,1456,51,301872.5625,0.10307790199554448,rmsse,0.44261291244132106
state_dept,1,DeepSets,DeepSets,TX__HOBBIES_1,1456,52,112734.9453125,0.03849465995901811,rmsse,0.7265416490211634
state_dept,1,DeepSets,DeepSets,TX__HOBBIES_2,1456,53,7315.0498046875,0.0024978089449918285,rmsse,1.7273231079546498
state_dept,1,DeepSets,DeepSets,TX__HOUSEHOLD_1,1456,54,187232.953125,0.06393287231115985,rmsse,0.9075917063451404
state_dept,1,DeepSets,DeepSets,TX__HOUSEHOLD_2,1456,55,51073.0703125,0.017439494641992934,rmsse,0.9476971779518312
state_dept,1,DeepSets,DeepSets,WI__FOODS_1,1456,56,53774.33984375,0.01836187458172574,rmsse,1.0002263700292544
state_dept,1,DeepSets,DeepSets,WI__FOODS_2,1456,57,159320.796875,0.05440194150183258,rmsse,1.007557442807898
state_dept,1,DeepSets,DeepSets,WI__FOODS_3,1456,58,324126.5,0.11067676811852964,rmsse,0.6167669218119373
state_dept,1,DeepSets,DeepSets,WI__HOBBIES_1,1456,59,78982.6875,0.02696955845886032,rmsse,0.9282885754113864
state_dept,1,DeepSets,DeepSets,WI__HOBBIES_2,1456,60,4655.3203125,0.0015896133353614822,rmsse,2.8994858809523114
state_dept,1,DeepSets,DeepSets,WI__HOUSEHOLD_1,1456,61,160025.375,0.05464252790794875,rmsse,1.2793949490506484
state_dept,1,DeepSets,DeepSets,WI__HOUSEHOLD_2,1456,62,43917.34765625,0.014996089807317921,rmsse,1.329455730234953
state_dept,1,DeepSets,DeepSets,CA__FOODS_1,1484,63,107044.8125,0.03418178236795387,rmsse,0.9121670772393046
state_dept,1,DeepSets,DeepSets,CA__FOODS_2,1484,64,145399.671875,0.046429339491842754,rmsse,0.6162180799292399
state_dept,1,DeepSets,DeepSets,CA__FOODS_3,1484,65,475539.3125,0.1518502476454093,rmsse,0.5071748423461445
state_dept,1,DeepSets,DeepSets,CA__HOBBIES_1,1484,66,179209.734375,0.05722564219190978,rmsse,0.5075959398353085
state_dept,1,DeepSets,DeepSets,CA__HOBBIES_2,1484,67,8566.5,0.0027354734135769244,rmsse,1.614387203733854
state_dept,1,DeepSets,DeepSets,CA__HOUSEHOLD_1,1484,68,295696.09375,0.09442231984493955,rmsse,0.5665981279375459
state_dept,1,DeepSets,DeepSets,CA__HOUSEHOLD_2,1484,69,111384.7109375,0.0355676081770247,rmsse,0.9681080210759219
state_dept,1,DeepSets,DeepSets,TX__FOODS_1,1484,70,63659.4765625,0.02032788252599569,rmsse,1.1257589880556138
state_dept,1,DeepSets,DeepSets,TX__FOODS_2,1484,71,106933.265625,0.03414616297719567,rmsse,0.7867751846355626
state_dept,1,DeepSets,DeepSets,TX__FOODS_3,1484,72,320047.375,0.10219822394181802,rmsse,0.4548906070404425
state_dept,1,DeepSets,DeepSets,TX__HOBBIES_1,1484,73,131600.609375,0.04202299283906317,rmsse,0.583156487471253
state_dept,1,DeepSets,DeepSets,TX__HOBBIES_2,1484,74,9122.5400390625,0.002913029328330878,rmsse,2.1007958928341797
state_dept,1,DeepSets,DeepSets,TX__HOUSEHOLD_1,1484,75,218449.421875,0.06975574455732352,rmsse,0.7097027539207791
state_dept,1,DeepSets,DeepSets,TX__HOUSEHOLD_2,1484,76,60137.07421875,0.019203101347772474,rmsse,1.2790523253569592
state_dept,1,DeepSets,DeepSets,WI__FOODS_1,1484,77,60995.22265625,0.01947712717345202,rmsse,1.2460386206464988
state_dept,1,DeepSets,DeepSets,WI__FOODS_2,1484,78,165842.15625,0.05295707806830621,rmsse,0.9083416826266669
state_dept,1,DeepSets,DeepSets,WI__FOODS_3,1484,79,337356.1875,0.10772531159889359,rmsse,0.7249727730105184
state_dept,1,DeepSets,DeepSets,WI__HOBBIES_1,1484,80,89317.84375,0.028521168147568186,rmsse,0.934261132935734
state_dept,1,DeepSets,DeepSets,WI__HOBBIES_2,1484,81,5292.14013671875,0.001689897699751064,rmsse,2.3470483914977516
state_dept,1,DeepSets,DeepSets,WI__HOUSEHOLD_1,1484,82,188147.03125,0.060079519270157214,rmsse,0.8990577055458386
state_dept,1,DeepSets,DeepSets,WI__HOUSEHOLD_2,1484,83,51892.25390625,0.016570347391715423,rmsse,1.2811804916979108
state_dept,1,DeepSets_Q,DeepSets,CA__FOODS_1,1400,0,83632.6171875,0.027950457497993245,mean_spl,0.6135257781024493
state_dept,1,DeepSets_Q,DeepSets,CA__FOODS_2,1400,1,164095.015625,0.054841411330896594,mean_spl,0.26873164712585107
state_dept,1,DeepSets_Q,DeepSets,CA__FOODS_3,1400,2,504658.75,0.16865959020798937,mean_spl,0.2902415554743983
state_dept,1,DeepSets_Q,DeepSets,CA__HOBBIES_1,1400,3,161149.171875,0.05385689496277306,mean_spl,0.26330294536104387
state_dept,1,DeepSets_Q,DeepSets,CA__HOBBIES_2,1400,4,10923.298828125,0.0036506235234620883,mean_spl,1.087358796322893
state_dept,1,DeepSets_Q,DeepSets,CA__HOUSEHOLD_1,1400,5,302646.59375,0.10114607242957512,mean_spl,0.2649965652585219
state_dept,1,DeepSets_Q,DeepSets,CA__HOUSEHOLD_2,1400,6,109452.75,0.03657968074889717,mean_spl,0.2444140115381513
state_dept,1,DeepSets_Q,DeepSets,TX__FOODS_1,1400,7,52726.58984375,0.017621501729855292,mean_spl,0.4550572670709876
state_dept,1,DeepSets_Q,DeepSets,TX__FOODS_2,1400,8,113405.421875,0.03790068433530907,mean_spl,0.20783208683688584
state_dept,1,DeepSets_Q,DeepSets,TX__FOODS_3,1400,9,305063.8125,0.10195391956155898,mean_spl,0.23215692852017217
state_dept,1,DeepSets_Q,DeepSets,TX__HOBBIES_1,1400,10,93580.7578125,0.03127517805647747,mean_spl,0.19843255192308573
state_dept,1,DeepSets_Q,DeepSets,TX__HOBBIES_2,1400,11,9269.640625,0.0030979623145102123,mean_spl,1.115895070221257
state_dept,1,DeepSets_Q,DeepSets,TX__HOUSEHOLD_1,1400,12,196607.921875,0.06570739442263092,mean_spl,0.20072834353953312
state_dept,1,DeepSets_Q,DeepSets,TX__HOUSEHOLD_2,1400,13,53741.109375,0.017960559456286523,mean_spl,0.3909744282362279
state_dept,1,DeepSets_Q,DeepSets,WI__FOODS_1,1400,14,47736.96875,0.015953944298293835,mean_spl,0.344127386079871
state_dept,1,DeepSets_Q,DeepSets,WI__FOODS_2,1400,15,164928.234375,0.05511987738925507,mean_spl,0.36042138114506245
state_dept,1,DeepSets_Q,DeepSets,WI__FOODS_3,1400,16,320789.625,0.10720956823888338,mean_spl,0.17286367487406198
state_dept,1,DeepSets_Q,DeepSets,WI__HOBBIES_1,1400,17,81234.9921875,0.027149158699602393,mean_spl,0.14219443331720133
state_dept,1,DeepSets_Q,DeepSets,WI__HOBBIES_2,1400,18,6896.14013671875,0.0023047260539440805,mean_spl,1.5220118781018166
state_dept,1,DeepSets_Q,DeepSets,WI__HOUSEHOLD_1,1400,19,162151.5,0.054191878257556794,mean_spl,0.24862236592318082
state_dept,1,DeepSets_Q,DeepSets,WI__HOUSEHOLD_2,1400,20,47482.55078125,0.01586891648424935,mean_spl,0.41756257416370357
state_dept,1,DeepSets_Q,DeepSets,CA__FOODS_1,1428,21,106770.9140625,0.03722904926990014,mean_spl,0.27377367479861026
state_dept,1,DeepSets_Q,DeepSets,CA__FOODS_2,1428,22,144754.703125,0.05047329623436408,mean_spl,0.12061196486107335
state_dept,1,DeepSets_Q,DeepSets,CA__FOODS_3,1428,23,447570.1875,0.15605947283004643,mean_spl,0.10083882434670935
state_dept,1,DeepSets_Q,DeepSets,CA__HOBBIES_1,1428,24,160946.1875,0.0561189683243945,mean_spl,0.14343162268877022
state_dept,1,DeepSets_Q,DeepSets,CA__HOBBIES_2,1428,25,11835.0107421875,0.004126650051649648,mean_spl,1.4167686806556214
state_dept,1,DeepSets_Q,DeepSets,CA__HOUSEHOLD_1,1428,26,281785.5625,0.09825343055242727,mean_spl,0.13846639121144755
state_dept,1,DeepSets_Q,DeepSets,CA__HOUSEHOLD_2,1428,27,101080.671875,0.03524496672629564,mean_spl,0.23658751782583598
state_dept,1,DeepSets_Q,DeepSets,TX__FOODS_1,1428,28,65300.953125,0.02276923844483514,mean_spl,0.3149288586812219
state_dept,1,DeepSets_Q,DeepSets,TX__FOODS_2,1428,29,107942.734375,0.037637641408804136,mean_spl,0.17575586669654616
state_dept,1,DeepSets_Q,DeepSets,TX__FOODS_3,1428,30,295754.09375,0.10312399987086524,mean_spl,0.11733796187718847
state_dept,1,DeepSets_Q,DeepSets,TX__HOBBIES_1,1428,31,90596.53125,0.03158934017942343,mean_spl,0.15242206890868631
state_dept,1,DeepSets_Q,DeepSets,TX__HOBBIES_2,1428,32,10101.060546875,0.003522053586220358,mean_spl,1.5578770311249883
state_dept,1,DeepSets_Q,DeepSets,TX__HOUSEHOLD_1,1428,33,185909.953125,0.06482337315763718,mean_spl,0.15711994407975297
state_dept,1,DeepSets_Q,DeepSets,TX__HOUSEHOLD_2,1428,34,51238.65234375,0.01786597341961622,mean_spl,0.31872917749263796
state_dept,1,DeepSets_Q,DeepSets,WI__FOODS_1,1428,35,60231.109375,0.021001477398517227,mean_spl,0.2732845030333728
state_dept,1,DeepSets_Q,DeepSets,WI__FOODS_2,1428,36,156214.515625,0.05446912157624116,mean_spl,0.2896682271686256
state_dept,1,DeepSets_Q,DeepSets,WI__FOODS_3,1428,37,303553.65625,0.10584356351931534,mean_spl,0.20033798675906644
state_dept,1,DeepSets_Q,DeepSets,WI__HOBBIES_1,1428,38,82276.625,0.02868834225857686,mean_spl,0.188926902642882
state_dept,1,DeepSets_Q,DeepSets,WI__HOBBIES_2,1428,39,7989.9501953125,0.0027859483277553987,mean_spl,2.292803350594929
state_dept,1,DeepSets_Q,DeepSets,WI__HOUSEHOLD_1,1428,40,150839.921875,0.05259509982339449,mean_spl,0.26299822006062046
state_dept,1,DeepSets_Q,DeepSets,WI__HOUSEHOLD_2,1428,41,45253.3046875,0.015778993039720097,mean_spl,0.55492759997848
state_dept,1,DeepSets_Q,DeepSets,CA__FOODS_1,1456,42,93932.703125,0.03207441539803845,mean_spl,0.2675803175755561
state_dept,1,DeepSets_Q,DeepSets,CA__FOODS_2,1456,43,146614.828125,0.05006334050171369,mean_spl,0.14128380248848618
state_dept,1,DeepSets_Q,DeepSets,CA__FOODS_3,1456,44,473283.96875,0.16160832287258578,mean_spl,0.10448756976138861
state_dept,1,DeepSets_Q,DeepSets,CA__HOBBIES_1,1456,45,169183.390625,0.05776963899499037,mean_spl,0.13158825316723796
state_dept,1,DeepSets_Q,DeepSets,CA__HOBBIES_2,1456,46,7881.1396484375,0.0026911069146764222,mean_spl,0.8743519160689499
state_dept,1,DeepSets_Q,DeepSets,CA__HOUSEHOLD_1,1456,47,284822.875,0.09725608764241107,mean_spl,0.1596826878905201
state_dept,1,DeepSets_Q,DeepSets,CA__HOUSEHOLD_2,1456,48,103049.7890625,0.035187550566626626,mean_spl,0.14032111670975345
state_dept,1,DeepSets_Q,DeepSets,TX__FOODS_1,1456,49,59094.82421875,0.020178615932556775,mean_spl,0.3701509697856423
state_dept,1,DeepSets_Q,DeepSets,TX__FOODS_2,1456,50,105692.1328125,0.036089809612117184,mean_spl,0.15510625788824847
state_dept,1,DeepSets_Q,DeepSets,TX__FOODS_3,1456,51,301872.5625,0.10307790199554448,mean_spl,0.09722772013713911
state_dept,1,DeepSets_Q,DeepSets,TX__HOBBIES_1,1456,52,112734.9453125,0.03849465995901811,mean_spl,0.24971335403011402
state_dept,1,DeepSets_Q,DeepSets,TX__HOBBIES_2,1456,53,7315.0498046875,0.0024978089449918285,mean_spl,0.7119604793727619
state_dept,1,DeepSets_Q,DeepSets,TX__HOUSEHOLD_1,1456,54,187232.953125,0.06393287231115985,mean_spl,0.2602920525748527
state_dept,1,DeepSets_Q,DeepSets,TX__HOUSEHOLD_2,1456,55,51073.0703125,0.017439494641992934,mean_spl,0.24288657998653043
state_dept,1,DeepSets_Q,DeepSets,WI__FOODS_1,1456,56,53774.33984375,0.01836187458172574,mean_spl,0.2732857267018416
state_dept,1,DeepSets_Q,DeepSets,WI__FOODS_2,1456,57,159320.796875,0.05440194150183258,mean_spl,0.2810199833005369
state_dept,1,DeepSets_Q,DeepSets,WI__FOODS_3,1456,58,324126.5,0.11067676811852964,mean_spl,0.19317461285701948
state_dept,1,DeepSets_Q,DeepSets,WI__HOBBIES_1,1456,59,78982.6875,0.02696955845886032,mean_spl,0.3043292551555178
state_dept,1,DeepSets_Q,DeepSets,WI__HOBBIES_2,1456,60,4655.3203125,0.0015896133353614822,mean_spl,1.08798939880567
state_dept,1,DeepSets_Q,DeepSets,WI__HOUSEHOLD_1,1456,61,160025.375,0.05464252790794875,mean_spl,0.39891209992428195
state_dept,1,DeepSets_Q,DeepSets,WI__HOUSEHOLD_2,1456,62,43917.34765625,0.014996089807317921,mean_spl,0.3344622154112743
state_dept,1,DeepSets_Q,DeepSets,CA__FOODS_1,1484,63,107044.8125,0.03418178236795387,mean_spl,0.23157281168021898
state_dept,1,DeepSets_Q,DeepSets,CA__FOODS_2,1484,64,145399.671875,0.046429339491842754,mean_spl,0.1254109889161604
state_dept,1,DeepSets_Q,DeepSets,CA__FOODS_3,1484,65,475539.3125,0.1518502476454093,mean_spl,0.10626912759423182
state_dept,1,DeepSets_Q,DeepSets,CA__HOBBIES_1,1484,66,179209.734375,0.05722564219190978,mean_spl,0.12748460906826298
state_dept,1,DeepSets_Q,DeepSets,CA__HOBBIES_2,1484,67,8566.5,0.0027354734135769244,mean_spl,0.6950964028487222
state_dept,1,DeepSets_Q,DeepSets,CA__HOUSEHOLD_1,1484,68,295696.09375,0.09442231984493955,mean_spl,0.17681859846594236
state_dept,1,DeepSets_Q,DeepSets,CA__HOUSEHOLD_2,1484,69,111384.7109375,0.0355676081770247,mean_spl,0.17989425714080276
state_dept,1,DeepSets_Q,DeepSets,TX__FOODS_1,1484,70,63659.4765625,0.02032788252599569,mean_spl,0.3264178360528583
state_dept,1,DeepSets_Q,DeepSets,TX__FOODS_2,1484,71,106933.265625,0.03414616297719567,mean_spl,0.15547445910369886
state_dept,1,DeepSets_Q,DeepSets,TX__FOODS_3,1484,72,320047.375,0.10219822394181802,mean_spl,0.09813787702507121
state_dept,1,DeepSets_Q,DeepSets,TX__HOBBIES_1,1484,73,131600.609375,0.04202299283906317,mean_spl,0.13940982708665672
state_dept,1,DeepSets_Q,DeepSets,TX__HOBBIES_2,1484,74,9122.5400390625,0.002913029328330878,mean_spl,0.820063094004007
state_dept,1,DeepSets_Q,DeepSets,TX__HOUSEHOLD_1,1484,75,218449.421875,0.06975574455732352,mean_spl,0.1985309286113068
state_dept,1,DeepSets_Q,DeepSets,TX__HOUSEHOLD_2,1484,76,60137.07421875,0.019203101347772474,mean_spl,0.24643290165569726
state_dept,1,DeepSets_Q,DeepSets,WI__FOODS_1,1484,77,60995.22265625,0.01947712717345202,mean_spl,0.28045817517474414
state_dept,1,DeepSets_Q,DeepSets,WI__FOODS_2,1484,78,165842.15625,0.05295707806830621,mean_spl,0.22889534400485992
state_dept,1,DeepSets_Q,DeepSets,WI__FOODS_3,1484,79,337356.1875,0.10772531159889359,mean_spl,0.14161978316580642
state_dept,1,DeepSets_Q,DeepSets,WI__HOBBIES_1,1484,80,89317.84375,0.028521168147568186,mean_spl,0.1779642838726257
state_dept,1,DeepSets_Q,DeepSets,WI__HOBBIES_2,1484,81,5292.14013671875,0.001689897699751064,mean_spl,0.9918772156372303
state_dept,1,DeepSets_Q,DeepSets,WI__HOUSEHOLD_1,1484,82,188147.03125,0.060079519270157214,mean_spl,0.2621954262883019
state_dept,1,DeepSets_Q,DeepSets,WI__HOUSEHOLD_2,1484,83,51892.25390625,0.016570347391715423,mean_spl,0.322349125468794
state_dept,2,DeepSets,DeepSets,CA__FOODS_1,1456,0,93932.703125,0.03207441539803845,rmsse,0.958134580426006
state_dept,2,DeepSets,DeepSets,CA__FOODS_2,1456,1,146614.828125,0.05006334050171369,rmsse,0.7003452435459333
state_dept,2,DeepSets,DeepSets,CA__FOODS_3,1456,2,473283.96875,0.16160832287258578,rmsse,0.47989974282123904
state_dept,2,DeepSets,DeepSets,CA__HOBBIES_1,1456,3,169183.390625,0.05776963899499037,rmsse,0.4983173306144971
state_dept,2,DeepSets,DeepSets,CA__HOBBIES_2,1456,4,7881.1396484375,0.0026911069146764222,rmsse,3.0662538350232
state_dept,2,DeepSets,DeepSets,CA__HOUSEHOLD_1,1456,5,284822.875,0.09725608764241107,rmsse,0.7556212957542352
state_dept,2,DeepSets,DeepSets,CA__HOUSEHOLD_2,1456,6,103049.7890625,0.035187550566626626,rmsse,0.6863166361168025
state_dept,2,DeepSets,DeepSets,TX__FOODS_1,1456,7,59094.82421875,0.020178615932556775,rmsse,1.4193049127421775
state_dept,2,DeepSets,DeepSets,TX__FOODS_2,1456,8,105692.1328125,0.036089809612117184,rmsse,0.5121173653072639
state_dept,2,DeepSets,DeepSets,TX__FOODS_3,1456,9,301872.5625,0.10307790199554448,rmsse,0.5627898424998227
state_dept,2,DeepSets,DeepSets,TX__HOBBIES_1,1456,10,112734.9453125,0.03849465995901811,rmsse,0.6718923169003105
state_dept,2,DeepSets,DeepSets,TX__HOBBIES_2,1456,11,7315.0498046875,0.0024978089449918285,rmsse,3.3530217490537626
state_dept,2,DeepSets,DeepSets,TX__HOUSEHOLD_1,1456,12,187232.953125,0.06393287231115985,rmsse,1.146693866485909
state_dept,2,DeepSets,DeepSets,TX__HOUSEHOLD_2,1456,13,51073.0703125,0.017439494641992934,rmsse,0.9033436987741502
state_dept,2,DeepSets,DeepSets,WI__FOODS_1,1456,14,53774.33984375,0.01836187458172574,rmsse,1.1291845699622807
state_dept,2,DeepSets,DeepSets,WI__FOODS_2,1456,15,159320.796875,0.05440194150183258,rmsse,1.2332180246677418
state_dept,2,DeepSets,DeepSets,WI__FOODS_3,1456,16,324126.5,0.11067676811852964,rmsse,0.7524864361730842
state_dept,2,DeepSets,DeepSets,WI__HOBBIES_1,1456,17,78982.6875,0.02696955845886032,rmsse,0.9674746049265467
state_dept,2,DeepSets,DeepSets,WI__HOBBIES_2,1456,18,4655.3203125,0.0015896133353614822,rmsse,5.373875331521374
state_dept,2,DeepSets,DeepSets,WI__HOUSEHOLD_1,1456,19,160025.375,0.05464252790794875,rmsse,1.4623514432934699
state_dept,2,DeepSets,DeepSets,WI__HOUSEHOLD_2,1456,20,43917.34765625,0.014996089807317921,rmsse,1.5035916722355367
state_dept,2,DeepSets,DeepSets,CA__FOODS_1,1484,21,107044.8125,0.03418178236795387,rmsse,0.8951394347529352
state_dept,2,DeepSets,DeepSets,CA__FOODS_2,1484,22,145399.671875,0.046429339491842754,rmsse,0.5881184719887859
state_dept,2,DeepSets,DeepSets,CA__FOODS_3,1484,23,475539.3125,0.1518502476454093,rmsse,0.42976991710752144
state_dept,2,DeepSets,DeepSets,CA__HOBBIES_1,1484,24,179209.734375,0.05722564219190978,rmsse,0.47208661225971005
state_dept,2,DeepSets,DeepSets,CA__HOBBIES_2,1484,25,8566.5,0.0027354734135769244,rmsse,2.6169902171689294
state_dept,2,DeepSets,DeepSets,CA__HOUSEHOLD_1,1484,26,295696.09375,0.09442231984493955,rmsse,0.612583903496546
state_dept,2,DeepSets,DeepSets,CA__HOUSEHOLD_2,1484,27,111384.7109375,0.0355676081770247,rmsse,0.5538181345414596
state_dept,2,DeepSets,DeepSets,TX__FOODS_1,1484,28,63659.4765625,0.02032788252599569,rmsse,0.825378195520629
state_dept,2,DeepSets,DeepSets,TX__FOODS_2,1484,29,106933.265625,0.03414616297719567,rmsse,0.8296627065422756
state_dept,2,DeepSets,DeepSets,TX__FOODS_3,1484,30,320047.375,0.10219822394181802,rmsse,0.3523203425107529
state_dept,2,DeepSets,DeepSets,TX__HOBBIES_1,1484,31,131600.609375,0.04202299283906317,rmsse,0.518821133926632
state_dept,2,DeepSets,DeepSets,TX__HOBBIES_2,1484,32,9122.5400390625,0.002913029328330878,rmsse,4.085498562743202
state_dept,2,DeepSets,DeepSets,TX__HOUSEHOLD_1,1484,33,218449.421875,0.06975574455732352,rmsse,0.7749745243028487
state_dept,2,DeepSets,DeepSets,TX__HOUSEHOLD_2,1484,34,60137.07421875,0.019203101347772474,rmsse,0.837727845041819
state_dept,2,DeepSets,DeepSets,WI__FOODS_1,1484,35,60995.22265625,0.01947712717345202,rmsse,0.9129595756115474
state_dept,2,DeepSets,DeepSets,WI__FOODS_2,1484,36,165842.15625,0.05295707806830621,rmsse,1.0427625385039851
state_dept,2,DeepSets,DeepSets,WI__FOODS_3,1484,37,337356.1875,0.10772531159889359,rmsse,0.4690694568332012
state_dept,2,DeepSets,DeepSets,WI__HOBBIES_1,1484,38,89317.84375,0.028521168147568186,rmsse,0.9532927687329178
state_dept,2,DeepSets,DeepSets,WI__HOBBIES_2,1484,39,5292.14013671875,0.001689897699751064,rmsse,5.098527996576087
state_dept,2,DeepSets,DeepSets,WI__HOUSEHOLD_1,1484,40,188147.03125,0.060079519270157214,rmsse,0.9834033363490402
state_dept,2,DeepSets,DeepSets,WI__HOUSEHOLD_2,1484,41,51892.25390625,0.016570347391715423,rmsse,1.4711749054162833
state_dept,2,DeepSets,DeepSets,CA__FOODS_1,1512,42,84326.640625,0.02641986145818641,rmsse,1.0738479712491493
state_dept,2,DeepSets,DeepSets,CA__FOODS_2,1512,43,141234.25,0.044249234767270364,rmsse,0.8013897718451066
state_dept,2,DeepSets,DeepSets,CA__FOODS_3,1512,44,476342.8125,0.14924003873008387,rmsse,0.38096124619530186
state_dept,2,DeepSets,DeepSets,CA__HOBBIES_1,1512,45,191148.40625,0.059887532263213916,rmsse,0.5835633543734712
state_dept,2,DeepSets,DeepSets,CA__HOBBIES_2,1512,46,8335.41015625,0.002611516122225282,rmsse,1.7244895909565188
state_dept,2,DeepSets,DeepSets,CA__HOUSEHOLD_1,1512,47,309920.84375,0.09709939461826197,rmsse,0.6391430167876635
state_dept,2,DeepSets,DeepSets,CA__HOUSEHOLD_2,1512,48,128842.6640625,0.040366903142418434,rmsse,0.6368691724342538
state_dept,2,DeepSets,DeepSets,TX__FOODS_1,1512,49,54629.78515625,0.01711572220381705,rmsse,1.2024203738086732
state_dept,2,DeepSets,DeepSets,TX__FOODS_2,1512,50,113179.359375,0.035459529425713926,rmsse,0.7254376903328016
state_dept,2,DeepSets,DeepSets,TX__FOODS_3,1512,51,325885.46875,0.10210117315000221,rmsse,0.5207013805857487
state_dept,2,DeepSets,DeepSets,TX__HOBBIES_1,1512,52,154440.5,0.048386803782188945,rmsse,0.7881605481025629
state_dept,2,DeepSets,DeepSets,TX__HOBBIES_2,1512,53,7785.5400390625,0.0024392396956011723,rmsse,2.834958326383294
state_dept,2,DeepSets,DeepSets,TX__HOUSEHOLD_1,1512,54,239974.671875,0.07518498943418858,rmsse,0.6341841685356672
state_dept,2,DeepSets,DeepSets,TX__HOUSEHOLD_2,1512,55,69660.046875,0.02182476111899864,rmsse,1.4567055318435769
state_dept,2,DeepSets,DeepSets,WI__FOODS_1,1512,56,54458.85546875,0.017062169274050482,rmsse,1.0401491606237356
state_dept,2,DeepSets,DeepSets,WI__FOODS_2,1512,57,163157.328125,0.05111781962380718,rmsse,0.8681701275939375
state_dept,2,DeepSets,DeepSets,WI__FOODS_3,1512,58,319412.125,0.10007304960827637,rmsse,0.4476499884946111
state_dept,2,DeepSets,DeepSets,WI__HOBBIES_1,1512,59,91276.4140625,0.028597252256914597,rmsse,0.8791563433906189
state_dept,2,DeepSets,DeepSets,WI__HOBBIES_2,1512,60,5646.8701171875,0.0017691861677724293,rmsse,3.7356439576529947
state_dept,2,DeepSets,DeepSets,WI__HOUSEHOLD_1,1512,61,193736.28125,0.060698323473018546,rmsse,0.6965792158578579
state_dept,2,DeepSets,DeepSets,WI__HOUSEHOLD_2,1512,62,58395.38671875,0.018295499683989618,rmsse,1.6851043889237756
state_dept,2,DeepSets,DeepSets,CA__FOODS_1,1540,63,93587.7265625,0.029269499415337182,rmsse,0.6172378348118676
state_dept,2,DeepSets,DeepSets,CA__FOODS_2,1540,64,147965.984375,0.04627626348270771,rmsse,0.7259931033047062
state_dept,2,DeepSets,DeepSets,CA__FOODS_3,1540,65,484408.90625,0.1514985641712307,rmsse,0.288764974758927
state_dept,2,DeepSets,DeepSets,CA__HOBBIES_1,1540,66,192888.609375,0.06032578465891468,rmsse,0.5135757139821838
state_dept,2,DeepSets,DeepSets,CA__HOBBIES_2,1540,67,9247.3798828125,0.0028921119255164757,rmsse,1.9914769217269277
state_dept,2,DeepSets,DeepSets,CA__HOUSEHOLD_1,1540,68,326379.125,0.10207485489014505,rmsse,0.4622339952315146
state_dept,2,DeepSets,DeepSets,CA__HOUSEHOLD_2,1540,69,133630.421875,0.041792825818132484,rmsse,0.6371073670747112
state_dept,2,DeepSets,DeepSets,TX__FOODS_1,1540,70,59490.12109375,0.018605495918409883,rmsse,0.6501872475514374
state_dept,2,DeepSets,DeepSets,TX__FOODS_2,1540,71,112303.6015625,0.03512287690927799,rmsse,0.576643762964881
state_dept,2,DeepSets,DeepSets,TX__FOODS_3,1540,72,329329.21875,0.10299749475396469,rmsse,0.24139906352038917
state_dept,2,DeepSets,DeepSets,TX__HOBBIES_1,1540,73,152773.6875,0.04777986944659793,rmsse,0.458465743555618
state_dept,2,DeepSets,DeepSets,TX__HOBBIES_2,1540,74,7476.140625,0.002338158022315898,rmsse,2.845336996885054
state_dept,2,DeepSets,DeepSets,TX__HOUSEHOLD_1,1540,75,238686.875,0.07464916185986831,rmsse,0.44448939987943975
state_dept,2,DeepSets,DeepSets,TX__HOUSEHOLD_2,1540,76,65358.37109375,0.020440787214105013,rmsse,1.0573563747718107
state_dept,2,DeepSets,DeepSets,WI__FOODS_1,1540,77,58520.7421875,0.01830232330836922,rmsse,0.6547277462856149
state_dept,2,DeepSets,DeepSets,WI__FOODS_2,1540,78,153677.65625,0.04806258507365121,rmsse,0.8704407968749207
state_dept,2,DeepSets,DeepSets,WI__FOODS_3,1540,79,302620.28125,0.09464429226412269,rmsse,0.3719563775107118
state_dept,2,DeepSets,DeepSets,WI__HOBBIES_1,1540,80,86954.9453125,0.02719510147823926,rmsse,0.8984472577022002
state_dept,2,DeepSets,DeepSets,WI__HOBBIES_2,1540,81,5626.56005859375,0.0017597029268083338,rmsse,4.145777202140982
state_dept,2,DeepSets,DeepSets,WI__HOUSEHOLD_1,1540,82,182516.109375,0.057081792162923924,rmsse,0.7467545015926287
state_dept,2,DeepSets,DeepSets,WI__HOUSEHOLD_2,1540,83,54006.36328125,0.016890454299361368,rmsse,1.7815986382264937
state_dept,2,DeepSets_Q,DeepSets,CA__FOODS_1,1456,0,93932.703125,0.03207441539803845,mean_spl,0.26090933065087896
state_dept,2,DeepSets_Q,DeepSets,CA__FOODS_2,1456,1,146614.828125,0.05006334050171369,mean_spl,0.18575579351614913
state_dept,2,DeepSets_Q,DeepSets,CA__FOODS_3,1456,2,473283.96875,0.16160832287258578,mean_spl,0.15609842929487427
state_dept,2,DeepSets_Q,DeepSets,CA__HOBBIES_1,1456,3,169183.390625,0.05776963899499037,mean_spl,0.13199451270658843
state_dept,2,DeepSets_Q,DeepSets,CA__HOBBIES_2,1456,4,7881.1396484375,0.0026911069146764222,mean_spl,0.722002810952116
state_dept,2,DeepSets_Q,DeepSets,CA__HOUSEHOLD_1,1456,5,284822.875,0.09725608764241107,mean_spl,0.16882920278238236
state_dept,2,DeepSets_Q,DeepSets,CA__HOUSEHOLD_2,1456,6,103049.7890625,0.035187550566626626,mean_spl,0.16887455638226856
state_dept,2,DeepSets_Q,DeepSets,TX__FOODS_1,1456,7,59094.82421875,0.020178615932556775,mean_spl,0.37330975942000766
state_dept,2,DeepSets_Q,DeepSets,TX__FOODS_2,1456,8,105692.1328125,0.036089809612117184,mean_spl,0.1927547066053684
state_dept,2,DeepSets_Q,DeepSets,TX__FOODS_3,1456,9,301872.5625,0.10307790199554448,mean_spl,0.10265008250031459
state_dept,2,DeepSets_Q,DeepSets,TX__HOBBIES_1,1456,10,112734.9453125,0.03849465995901811,mean_spl,0.20821651141471628
state_dept,2,DeepSets_Q,DeepSets,TX__HOBBIES_2,1456,11,7315.0498046875,0.0024978089449918285,mean_spl,0.4420357876640047
state_dept,2,DeepSets_Q,DeepSets,TX__HOUSEHOLD_1,1456,12,187232.953125,0.06393287231115985,mean_spl,0.2256557135295452
state_dept,2,DeepSets_Q,DeepSets,TX__HOUSEHOLD_2,1456,13,51073.0703125,0.017439494641992934,mean_spl,0.27168202033564914
state_dept,2,DeepSets_Q,DeepSets,WI__FOODS_1,1456,14,53774.33984375,0.01836187458172574,mean_spl,0.2171629692494281
state_dept,2,DeepSets_Q,DeepSets,WI__FOODS_2,1456,15,159320.796875,0.05440194150183258,mean_spl,0.24402923765094686
state_dept,2,DeepSets_Q,DeepSets,WI__FOODS_3,1456,16,324126.5,0.11067676811852964,mean_spl,0.14347022959443015
state_dept,2,DeepSets_Q,DeepSets,WI__HOBBIES_1,1456,17,78982.6875,0.02696955845886032,mean_spl,0.2700331176402298
state_dept,2,DeepSets_Q,DeepSets,WI__HOBBIES_2,1456,18,4655.3203125,0.0015896133353614822,mean_spl,0.6870473371834556
state_dept,2,DeepSets_Q,DeepSets,WI__HOUSEHOLD_1,1456,19,160025.375,0.05464252790794875,mean_spl,0.3577026282313561
state_dept,2,DeepSets_Q,DeepSets,WI__HOUSEHOLD_2,1456,20,43917.34765625,0.014996089807317921,mean_spl,0.33460476144511486
state_dept,2,DeepSets_Q,DeepSets,CA__FOODS_1,1484,21,107044.8125,0.03418178236795387,mean_spl,0.29691689359256895
state_dept,2,DeepSets_Q,DeepSets,CA__FOODS_2,1484,22,145399.671875,0.046429339491842754,mean_spl,0.1355165728469706
state_dept,2,DeepSets_Q,DeepSets,CA__FOODS_3,1484,23,475539.3125,0.1518502476454093,mean_spl,0.11764123074097649
state_dept,2,DeepSets_Q,DeepSets,CA__HOBBIES_1,1484,24,179209.734375,0.05722564219190978,mean_spl,0.1252932257742143
state_dept,2,DeepSets_Q,DeepSets,CA__HOBBIES_2,1484,25,8566.5,0.0027354734135769244,mean_spl,0.6607933518271036
state_dept,2,DeepSets_Q,DeepSets,CA__HOUSEHOLD_1,1484,26,295696.09375,0.09442231984493955,mean_spl,0.1763243591423042
state_dept,2,DeepSets_Q,DeepSets,CA__HOUSEHOLD_2,1484,27,111384.7109375,0.0355676081770247,mean_spl,0.16756208890064186
state_dept,2,DeepSets_Q,DeepSets,TX__FOODS_1,1484,28,63659.4765625,0.02032788252599569,mean_spl,0.40414273860617045
state_dept,2,DeepSets_Q,DeepSets,TX__FOODS_2,1484,29,106933.265625,0.03414616297719567,mean_spl,0.15345060110074707
state_dept,2,DeepSets_Q,DeepSets,TX__FOODS_3,1484,30,320047.375,0.10219822394181802,mean_spl,0.11517233847499327
state_dept,2,DeepSets_Q,DeepSets,TX__HOBBIES_1,1484,31,131600.609375,0.04202299283906317,mean_spl,0.16090673457905502
state_dept,2,DeepSets_Q,DeepSets,TX__HOBBIES_2,1484,32,9122.5400390625,0.002913029328330878,mean_spl,0.599441940974286
state_dept,2,DeepSets_Q,DeepSets,TX__HOUSEHOLD_1,1484,33,218449.421875,0.06975574455732352,mean_spl,0.21196163167324622
state_dept,2,DeepSets_Q,DeepSets,TX__HOUSEHOLD_2,1484,34,60137.07421875,0.019203101347772474,mean_spl,0.36874971986161537
state_dept,2,DeepSets_Q,DeepSets,WI__FOODS_1,1484,35,60995.22265625,0.01947712717345202,mean_spl,0.32387008199460604
state_dept,2,DeepSets_Q,DeepSets,WI__FOODS_2,1484,36,165842.15625,0.05295707806830621,mean_spl,0.248538009054543
state_dept,2,DeepSets_Q,DeepSets,WI__FOODS_3,1484,37,337356.1875,0.10772531159889359,mean_spl,0.17100356364438968
state_dept,2,DeepSets_Q,DeepSets,WI__HOBBIES_1,1484,38,89317.84375,0.028521168147568186,mean_spl,0.16102184013357282
state_dept,2,DeepSets_Q,DeepSets,WI__HOBBIES_2,1484,39,5292.14013671875,0.001689897699751064,mean_spl,0.5831100737486061
state_dept,2,DeepSets_Q,DeepSets,WI__HOUSEHOLD_1,1484,40,188147.03125,0.060079519270157214,mean_spl,0.25476171708983036
state_dept,2,DeepSets_Q,DeepSets,WI__HOUSEHOLD_2,1484,41,51892.25390625,0.016570347391715423,mean_spl,0.3718517656635802
state_dept,2,DeepSets_Q,DeepSets,CA__FOODS_1,1512,42,84326.640625,0.02641986145818641,mean_spl,0.1980037785001798
state_dept,2,DeepSets_Q,DeepSets,CA__FOODS_2,1512,43,141234.25,0.044249234767270364,mean_spl,0.1333371657599701
state_dept,2,DeepSets_Q,DeepSets,CA__FOODS_3,1512,44,476342.8125,0.14924003873008387,mean_spl,0.1334790794563999
state_dept,2,DeepSets_Q,DeepSets,CA__HOBBIES_1,1512,45,191148.40625,0.059887532263213916,mean_spl,0.15451104197222099
state_dept,2,DeepSets_Q,DeepSets,CA__HOBBIES_2,1512,46,8335.41015625,0.002611516122225282,mean_spl,0.379458869419261
state_dept,2,DeepSets_Q,DeepSets,CA__HOUSEHOLD_1,1512,47,309920.84375,0.09709939461826197,mean_spl,0.1216196723113035
state_dept,2,DeepSets_Q,DeepSets,CA__HOUSEHOLD_2,1512,48,128842.6640625,0.040366903142418434,mean_spl,0.13251627654643777
state_dept,2,DeepSets_Q,DeepSets,TX__FOODS_1,1512,49,54629.78515625,0.01711572220381705,mean_spl,0.34197598135041535
state_dept,2,DeepSets_Q,DeepSets,TX__FOODS_2,1512,50,113179.359375,0.035459529425713926,mean_spl,0.16830306947220455
state_dept,2,DeepSets_Q,DeepSets,TX__FOODS_3,1512,51,325885.46875,0.10210117315000221,mean_spl,0.12916930394782486
state_dept,2,DeepSets_Q,DeepSets,TX__HOBBIES_1,1512,52,154440.5,0.048386803782188945,mean_spl,0.20795018216927316
state_dept,2,DeepSets_Q,DeepSets,TX__HOBBIES_2,1512,53,7785.5400390625,0.0024392396956011723,mean_spl,0.4315515572343092
state_dept,2,DeepSets_Q,DeepSets,TX__HOUSEHOLD_1,1512,54,239974.671875,0.07518498943418858,mean_spl,0.18987154139177054
state_dept,2,DeepSets_Q,DeepSets,TX__HOUSEHOLD_2,1512,55,69660.046875,0.02182476111899864,mean_spl,0.33259552950949517
state_dept,2,DeepSets_Q,DeepSets,WI__FOODS_1,1512,56,54458.85546875,0.017062169274050482,mean_spl,0.23509483062548256
state_dept,2,DeepSets_Q,DeepSets,WI__FOODS_2,1512,57,163157.328125,0.05111781962380718,mean_spl,0.24264646550916721
state_dept,2,DeepSets_Q,DeepSets,WI__FOODS_3,1512,58,319412.125,0.10007304960827637,mean_spl,0.10975355443795982
state_dept,2,DeepSets_Q,DeepSets,WI__HOBBIES_1,1512,59,91276.4140625,0.028597252256914597,mean_spl,0.1573556950543644
state_dept,2,DeepSets_Q,DeepSets,WI__HOBBIES_2,1512,60,5646.8701171875,0.0017691861677724293,mean_spl,0.45151275496640025
state_dept,2,DeepSets_Q,DeepSets,WI__HOUSEHOLD_1,1512,61,193736.28125,0.060698323473018546,mean_spl,0.17827433600274456
state_dept,2,DeepSets_Q,DeepSets,WI__HOUSEHOLD_2,1512,62,58395.38671875,0.018295499683989618,mean_spl,0.2948278683409377
state_dept,2,DeepSets_Q,DeepSets,CA__FOODS_1,1540,63,93587.7265625,0.029269499415337182,mean_spl,0.14803781603365423
state_dept,2,DeepSets_Q,DeepSets,CA__FOODS_2,1540,64,147965.984375,0.04627626348270771,mean_spl,0.17396779285898423
state_dept,2,DeepSets_Q,DeepSets,CA__FOODS_3,1540,65,484408.90625,0.1514985641712307,mean_spl,0.08440296406540507
state_dept,2,DeepSets_Q,DeepSets,CA__HOBBIES_1,1540,66,192888.609375,0.06032578465891468,mean_spl,0.1302060210361545
state_dept,2,DeepSets_Q,DeepSets,CA__HOBBIES_2,1540,67,9247.3798828125,0.0028921119255164757,mean_spl,0.3553722822391554
state_dept,2,DeepSets_Q,DeepSets,CA__HOUSEHOLD_1,1540,68,326379.125,0.10207485489014505,mean_spl,0.12765048567686504
state_dept,2,DeepSets_Q,DeepSets,CA__HOUSEHOLD_2,1540,69,133630.421875,0.041792825818132484,mean_spl,0.12726118121873775
state_dept,2,DeepSets_Q,DeepSets,TX__FOODS_1,1540,70,59490.12109375,0.018605495918409883,mean_spl,0.24567014650820612
state_dept,2,DeepSets_Q,DeepSets,TX__FOODS_2,1540,71,112303.6015625,0.03512287690927799,mean_spl,0.12508820819857147
state_dept,2,DeepSets_Q,DeepSets,TX__FOODS_3,1540,72,329329.21875,0.10299749475396469,mean_spl,0.08288934489586719
state_dept,2,DeepSets_Q,DeepSets,TX__HOBBIES_1,1540,73,152773.6875,0.04777986944659793,mean_spl,0.14286143432610515
state_dept,2,DeepSets_Q,DeepSets,TX__HOBBIES_2,1540,74,7476.140625,0.002338158022315898,mean_spl,0.3923114220614443
state_dept,2,DeepSets_Q,DeepSets,TX__HOUSEHOLD_1,1540,75,238686.875,0.07464916185986831,mean_spl,0.1252512357559779
state_dept,2,DeepSets_Q,DeepSets,TX__HOUSEHOLD_2,1540,76,65358.37109375,0.020440787214105013,mean_spl,0.22834271148398141
state_dept,2,DeepSets_Q,DeepSets,WI__FOODS_1,1540,77,58520.7421875,0.01830232330836922,mean_spl,0.18892128010350334
state_dept,2,DeepSets_Q,DeepSets,WI__FOODS_2,1540,78,153677.65625,0.04806258507365121,mean_spl,0.2138380701397474
state_dept,2,DeepSets_Q,DeepSets,WI__FOODS_3,1540,79,302620.28125,0.09464429226412269,mean_spl,0.10056322814310914
state_dept,2,DeepSets_Q,DeepSets,WI__HOBBIES_1,1540,80,86954.9453125,0.02719510147823926,mean_spl,0.10691394703776463
state_dept,2,DeepSets_Q,DeepSets,WI__HOBBIES_2,1540,81,5626.56005859375,0.0017597029268083338,mean_spl,0.49724481459643105
state_dept,2,DeepSets_Q,DeepSets,WI__HOUSEHOLD_1,1540,82,182516.109375,0.057081792162923924,mean_spl,0.16016092480261912
state_dept,2,DeepSets_Q,DeepSets,WI__HOUSEHOLD_2,1540,83,54006.36328125,0.016890454299361368,mean_spl,0.3575568142931937
state_dept,3,DeepSets,DeepSets,CA__FOODS_1,1512,0,84326.640625,0.02641986145818641,rmsse,0.8789633837002253
state_dept,3,DeepSets,DeepSets,CA__FOODS_2,1512,1,141234.25,0.044249234767270364,rmsse,0.639320437810429
state_dept,3,DeepSets,DeepSets,CA__FOODS_3,1512,2,476342.8125,0.14924003873008387,rmsse,0.3780148701518963
state_dept,3,DeepSets,DeepSets,CA__HOBBIES_1,1512,3,191148.40625,0.059887532263213916,rmsse,0.645596845333721
state_dept,3,DeepSets,DeepSets,CA__HOBBIES_2,1512,4,8335.41015625,0.002611516122225282,rmsse,1.679555838683221
state_dept,3,DeepSets,DeepSets,CA__HOUSEHOLD_1,1512,5,309920.84375,0.09709939461826197,rmsse,0.568945872732979
state_dept,3,DeepSets,DeepSets,CA__HOUSEHOLD_2,1512,6,128842.6640625,0.040366903142418434,rmsse,0.7530561096200641
state_dept,3,DeepSets,DeepSets,TX__FOODS_1,1512,7,54629.78515625,0.01711572220381705,rmsse,1.1636562402186414
state_dept,3,DeepSets,DeepSets,TX__FOODS_2,1512,8,113179.359375,0.035459529425713926,rmsse,0.6837286299896878
state_dept,3,DeepSets,DeepSets,TX__FOODS_3,1512,9,325885.46875,0.10210117315000221,rmsse,0.4841941957737751
state_dept,3,DeepSets,DeepSets,TX__HOBBIES_1,1512,10,154440.5,0.048386803782188945,rmsse,0.8380059647598258
state_dept,3,DeepSets,DeepSets,TX__HOBBIES_2,1512,11,7785.5400390625,0.0024392396956011723,rmsse,1.9193536050051796
state_dept,3,DeepSets,DeepSets,TX__HOUSEHOLD_1,1512,12,239974.671875,0.07518498943418858,rmsse,0.8882115533247444
state_dept,3,DeepSets,DeepSets,TX__HOUSEHOLD_2,1512,13,69660.046875,0.02182476111899864,rmsse,1.2895089446989045
state_dept,3,DeepSets,DeepSets,WI__FOODS_1,1512,14,54458.85546875,0.017062169274050482,rmsse,1.0096252315174863
state_dept,3,DeepSets,DeepSets,WI__FOODS_2,1512,15,163157.328125,0.05111781962380718,rmsse,0.9007811111226219
state_dept,3,DeepSets,DeepSets,WI__FOODS_3,1512,16,319412.125,0.10007304960827637,rmsse,0.4480781369478872
state_dept,3,DeepSets,DeepSets,WI__HOBBIES_1,1512,17,91276.4140625,0.028597252256914597,rmsse,0.803594109078271
state_dept,3,DeepSets,DeepSets,WI__HOBBIES_2,1512,18,5646.8701171875,0.0017691861677724293,rmsse,2.2550184992394198
state_dept,3,DeepSets,DeepSets,WI__HOUSEHOLD_1,1512,19,193736.28125,0.060698323473018546,rmsse,0.741303288759951
state_dept,3,DeepSets,DeepSets,WI__HOUSEHOLD_2,1512,20,58395.38671875,0.018295499683989618,rmsse,1.4027404337936002
state_dept,3,DeepSets,DeepSets,CA__FOODS_1,1540,21,93587.7265625,0.029269499415337182,rmsse,0.5102063999278109
state_dept,3,DeepSets,DeepSets,CA__FOODS_2,1540,22,147965.984375,0.04627626348270771,rmsse,0.6845033706798177
state_dept,3,DeepSets,DeepSets,CA__FOODS_3,1540,23,484408.90625,0.1514985641712307,rmsse,0.2482974074745955
state_dept,3,DeepSets,DeepSets,CA__HOBBIES_1,1540,24,192888.609375,0.06032578465891468,rmsse,0.49804910744545533
state_dept,3,DeepSets,DeepSets,CA__HOBBIES_2,1540,25,9247.3798828125,0.0028921119255164757,rmsse,2.060246697121564
state_dept,3,DeepSets,DeepSets,CA__HOUSEHOLD_1,1540,26,326379.125,0.10207485489014505,rmsse,0.45739057757498686
state_dept,3,DeepSets,DeepSets,CA__HOUSEHOLD_2,1540,27,133630.421875,0.041792825818132484,rmsse,0.4970046979964745
state_dept,3,DeepSets,DeepSets,TX__FOODS_1,1540,28,59490.12109375,0.018605495918409883,rmsse,0.7224186545100372
state_dept,3,DeepSets,DeepSets,TX__FOODS_2,1540,29,112303.6015625,0.03512287690927799,rmsse,0.5166762648552458
state_dept,3,DeepSets,DeepSets,TX__FOODS_3,1540,30,329329.21875,0.10299749475396469,rmsse,0.2935411363844476
state_dept,3,DeepSets,DeepSets,TX__HOBBIES_1,1540,31,152773.6875,0.04777986944659793,rmsse,0.5595401151574803
state_dept,3,DeepSets,DeepSets,TX__HOBBIES_2,1540,32,7476.140625,0.002338158022315898,rmsse,2.1573403582276893
state_dept,3,DeepSets,DeepSets,TX__HOUSEHOLD_1,1540,33,238686.875,0.07464916185986831,rmsse,0.44185856224661274
state_dept,3,DeepSets,DeepSets,TX__HOUSEHOLD_2,1540,34,65358.37109375,0.020440787214105013,rmsse,1.1554008624933647
state_dept,3,DeepSets,DeepSets,WI__FOODS_1,1540,35,58520.7421875,0.01830232330836922,rmsse,0.7642035944406452
state_dept,3,DeepSets,DeepSets,WI__FOODS_2,1540,36,153677.65625,0.04806258507365121,rmsse,0.7655002513179753
state_dept,3,DeepSets,DeepSets,WI__FOODS_3,1540,37,302620.28125,0.09464429226412269,rmsse,0.37512002110312875
state_dept,3,DeepSets,DeepSets,WI__HOBBIES_1,1540,38,86954.9453125,0.02719510147823926,rmsse,0.7402000540889007
state_dept,3,DeepSets,DeepSets,WI__HOBBIES_2,1540,39,5626.56005859375,0.0017597029268083338,rmsse,2.780055243988915
state_dept,3,DeepSets,DeepSets,WI__HOUSEHOLD_1,1540,40,182516.109375,0.057081792162923924,rmsse,0.6801980774454727
state_dept,3,DeepSets,DeepSets,WI__HOUSEHOLD_2,1540,41,54006.36328125,0.016890454299361368,rmsse,1.7503726864030376
state_dept,3,DeepSets,DeepSets,CA__FOODS_1,1568,42,91596.8203125,0.028482807181531407,rmsse,0.7099121445818799
state_dept,3,DeepSets,DeepSets,CA__FOODS_2,1568,43,156476.3125,0.0486576348634051,rmsse,0.6523995529072075
state_dept,3,DeepSets,DeepSets,CA__FOODS_3,1568,44,483024.40625,0.15020053076356557,rmsse,0.5137171440989388
state_dept,3,DeepSets,DeepSets,CA__HOBBIES_1,1568,45,188982.28125,0.05876564120026683,rmsse,0.5245925665065212
state_dept,3,DeepSets,DeepSets,CA__HOBBIES_2,1568,46,9953.75,0.003095202879487709,rmsse,2.3139843325124443
state_dept,3,DeepSets,DeepSets,CA__HOUSEHOLD_1,1568,47,319543.40625,0.09936472898619221,rmsse,0.7281381253202821
state_dept,3,DeepSets,DeepSets,CA__HOUSEHOLD_2,1568,48,135963.625,0.042279040924836066,rmsse,0.5511093823609038
state_dept,3,DeepSets,DeepSets,TX__FOODS_1,1568,49,59411.7109375,0.018474574785286087,rmsse,0.8278081801584946
state_dept,3,DeepSets,DeepSets,TX__FOODS_2,1568,50,114977.109375,0.03575310611705872,rmsse,0.5952177506845973
state_dept,3,DeepSets,DeepSets,TX__FOODS_3,1568,51,330799.9375,0.10286504273106659,rmsse,0.506028148740164
state_dept,3,DeepSets,DeepSets,TX__HOBBIES_1,1568,52,155761.671875,0.04843541130742882,rmsse,0.7625355651416279
state_dept,3,DeepSets,DeepSets,TX__HOBBIES_2,1568,53,8248.4501953125,0.0025649254598359614,rmsse,4.161887030020533
state_dept,3,DeepSets,DeepSets,TX__HOUSEHOLD_1,1568,54,235384.296875,0.07319474102460778,rmsse,0.6621420450340724
state_dept,3,DeepSets,DeepSets,TX__HOUSEHOLD_2,1568,55,66066.3046875,0.020543877082090902,rmsse,1.5088008421035592
state_dept,3,DeepSets,DeepSets,WI__FOODS_1,1568,56,63138.0390625,0.019633308081020463,rmsse,0.6751228550498467
state_dept,3,DeepSets,DeepSets,WI__FOODS_2,1568,57,157345.46875,0.04892790636185792,rmsse,1.042831645978333
state_dept,3,DeepSets,DeepSets,WI__FOODS_3,1568,58,314363.03125,0.09775384749762497,rmsse,0.5325930392709783
state_dept,3,DeepSets,DeepSets,WI__HOBBIES_1,1568,59,86906.6796875,0.027024368224585302,rmsse,0.6212817034777072
state_dept,3,DeepSets,DeepSets,WI__HOBBIES_2,1568,60,5669.52978515625,0.0017629883125813844,rmsse,4.675722056329343
state_dept,3,DeepSets,DeepSets,WI__HOUSEHOLD_1,1568,61,180531.46875,0.05613778946760219,rmsse,0.6761309087934478
state_dept,3,DeepSets,DeepSets,WI__HOUSEHOLD_2,1568,62,51719.2109375,0.016082526748068034,rmsse,1.908886910673522
state_dept,3,DeepSets,DeepSets,CA__FOODS_1,1596,63,104225.4609375,0.03227832053809302,rmsse,0.6497878914619266
state_dept,3,DeepSets,DeepSets,CA__FOODS_2,1596,64,156965.09375,0.04861163063018305,rmsse,0.7774688504039529
state_dept,3,DeepSets,DeepSets,CA__FOODS_3,1596,65,483484.875,0.14973385226790412,rmsse,0.5744606273388441
state_dept,3,DeepSets,DeepSets,CA__HOBBIES_1,1596,66,195908.78125,0.06067237679290928,rmsse,0.7539583470757723
state_dept,3,DeepSets,DeepSets,CA__HOBBIES_2,1596,67,9982.73046875,0.0030916224405946884,rmsse,3.0715766842738423
state_dept,3,DeepSets,DeepSets,CA__HOUSEHOLD_1,1596,68,342259.1875,0.10599666973751329,rmsse,0.5998546119150564
state_dept,3,DeepSets,DeepSets,CA__HOUSEHOLD_2,1596,69,133033.03125,0.04119994084187013,rmsse,0.4694487236546264
state_dept,3,DeepSets,DeepSets,TX__FOODS_1,1596,70,59812.12109375,0.018523639035619377,rmsse,0.7868850406994237
state_dept,3,DeepSets,DeepSets,TX__FOODS_2,1596,71,120399.46875,0.03728736347118747,rmsse,1.1165582337602047
state_dept,3,DeepSets,DeepSets,TX__FOODS_3,1596,72,309667.46875,0.09590310972600398,rmsse,1.1534477769761662
state_dept,3,DeepSets,DeepSets,TX__HOBBIES_1,1596,73,158022.265625,0.04893903366911582,rmsse,1.0396628917752488
state_dept,3,DeepSets,DeepSets,TX__HOBBIES_2,1596,74,7154.79931640625,0.0022158204304721526,rmsse,3.9133454583358827
state_dept,3,DeepSets,DeepSets,TX__HOUSEHOLD_1,1596,75,241072.3125,0.07465939038063396,rmsse,0.7262877296365695
state_dept,3,DeepSets,DeepSets,TX__HOUSEHOLD_2,1596,76,67740.2265625,0.020978950120629378,rmsse,1.8253229137879816
state_dept,3,DeepSets,DeepSets,WI__FOODS_1,1596,77,64269.5625,0.019904095607329662,rmsse,0.7990069988777522
state_dept,3,DeepSets,DeepSets,WI__FOODS_2,1596,78,147775.6875,0.04576569838076727,rmsse,1.3569926372485304
state_dept,3,DeepSets,DeepSets,WI__FOODS_3,1596,79,290961.6875,0.09010998396122544,rmsse,0.558670411791357
state_dept,3,DeepSets,DeepSets,WI__HOBBIES_1,1596,80,90447.0,0.028011171468549298,rmsse,0.8070572846219449
state_dept,3,DeepSets,DeepSets,WI__HOBBIES_2,1596,81,4754.08984375,0.0014723277255206915,rmsse,3.7449874765556483
state_dept,3,DeepSets,DeepSets,WI__HOUSEHOLD_1,1596,82,189330.5625,0.05863512167815837,rmsse,0.9393034684671764
state_dept,3,DeepSets,DeepSets,WI__HOUSEHOLD_2,1596,83,51695.29296875,0.01600988109571956,rmsse,1.534024141898363
state_dept,3,DeepSets_Q,DeepSets,CA__FOODS_1,1512,0,84326.640625,0.02641986145818641,mean_spl,0.22622439816677695
state_dept,3,DeepSets_Q,DeepSets,CA__FOODS_2,1512,1,141234.25,0.044249234767270364,mean_spl,0.13471165246376726
state_dept,3,DeepSets_Q,DeepSets,CA__FOODS_3,1512,2,476342.8125,0.14924003873008387,mean_spl,0.09541030837762121
state_dept,3,DeepSets_Q,DeepSets,CA__HOBBIES_1,1512,3,191148.40625,0.059887532263213916,mean_spl,0.1567350387077459
state_dept,3,DeepSets_Q,DeepSets,CA__HOBBIES_2,1512,4,8335.41015625,0.002611516122225282,mean_spl,0.37105378381332177
state_dept,3,DeepSets_Q,DeepSets,CA__HOUSEHOLD_1,1512,5,309920.84375,0.09709939461826197,mean_spl,0.13011940835869001
state_dept,3,DeepSets_Q,DeepSets,CA__HOUSEHOLD_2,1512,6,128842.6640625,0.040366903142418434,mean_spl,0.1506612346143769
state_dept,3,DeepSets_Q,DeepSets,TX__FOODS_1,1512,7,54629.78515625,0.01711572220381705,mean_spl,0.29653423777595717
state_dept,3,DeepSets_Q,DeepSets,TX__FOODS_2,1512,8,113179.359375,0.035459529425713926,mean_spl,0.1613099202264744
state_dept,3,DeepSets_Q,DeepSets,TX__FOODS_3,1512,9,325885.46875,0.10210117315000221,mean_spl,0.12356075196981159
state_dept,3,DeepSets_Q,DeepSets,TX__HOBBIES_1,1512,10,154440.5,0.048386803782188945,mean_spl,0.20265742712417445
state_dept,3,DeepSets_Q,DeepSets,TX__HOBBIES_2,1512,11,7785.5400390625,0.0024392396956011723,mean_spl,0.3478632690074266
state_dept,3,DeepSets_Q,DeepSets,TX__HOUSEHOLD_1,1512,12,239974.671875,0.07518498943418858,mean_spl,0.16474675993395915
state_dept,3,DeepSets_Q,DeepSets,TX__HOUSEHOLD_2,1512,13,69660.046875,0.02182476111899864,mean_spl,0.34132851846330897
state_dept,3,DeepSets_Q,DeepSets,WI__FOODS_1,1512,14,54458.85546875,0.017062169274050482,mean_spl,0.20484734441093225
state_dept,3,DeepSets_Q,DeepSets,WI__FOODS_2,1512,15,163157.328125,0.05111781962380718,mean_spl,0.20218330175821103
state_dept,3,DeepSets_Q,DeepSets,WI__FOODS_3,1512,16,319412.125,0.10007304960827637,mean_spl,0.1047812411171234
state_dept,3,DeepSets_Q,DeepSets,WI__HOBBIES_1,1512,17,91276.4140625,0.028597252256914597,mean_spl,0.17906470380326162
state_dept,3,DeepSets_Q,DeepSets,WI__HOBBIES_2,1512,18,5646.8701171875,0.0017691861677724293,mean_spl,0.4231633564327721
state_dept,3,DeepSets_Q,DeepSets,WI__HOUSEHOLD_1,1512,19,193736.28125,0.060698323473018546,mean_spl,0.15749562821836255
state_dept,3,DeepSets_Q,DeepSets,WI__HOUSEHOLD_2,1512,20,58395.38671875,0.018295499683989618,mean_spl,0.3719253067031727
state_dept,3,DeepSets_Q,DeepSets,CA__FOODS_1,1540,21,93587.7265625,0.029269499415337182,mean_spl,0.12423152127601772
state_dept,3,DeepSets_Q,DeepSets,CA__FOODS_2,1540,22,147965.984375,0.04627626348270771,mean_spl,0.14533987335575912
state_dept,3,DeepSets_Q,DeepSets,CA__FOODS_3,1540,23,484408.90625,0.1514985641712307,mean_spl,0.0837651686802162
state_dept,3,DeepSets_Q,DeepSets,CA__HOBBIES_1,1540,24,192888.609375,0.06032578465891468,mean_spl,0.13587191350709982
state_dept,3,DeepSets_Q,DeepSets,CA__HOBBIES_2,1540,25,9247.3798828125,0.0028921119255164757,mean_spl,0.44272560377471376
state_dept,3,DeepSets_Q,DeepSets,CA__HOUSEHOLD_1,1540,26,326379.125,0.10207485489014505,mean_spl,0.13722918680372503
state_dept,3,DeepSets_Q,DeepSets,CA__HOUSEHOLD_2,1540,27,133630.421875,0.041792825818132484,mean_spl,0.17321896130007983
state_dept,3,DeepSets_Q,DeepSets,TX__FOODS_1,1540,28,59490.12109375,0.018605495918409883,mean_spl,0.1842550676326723
state_dept,3,DeepSets_Q,DeepSets,TX__FOODS_2,1540,29,112303.6015625,0.03512287690927799,mean_spl,0.12409839396324737
state_dept,3,DeepSets_Q,DeepSets,TX__FOODS_3,1540,30,329329.21875,0.10299749475396469,mean_spl,0.08071536116247635
state_dept,3,DeepSets_Q,DeepSets,TX__HOBBIES_1,1540,31,152773.6875,0.04777986944659793,mean_spl,0.1310893012128905
state_dept,3,DeepSets_Q,DeepSets,TX__HOBBIES_2,1540,32,7476.140625,0.002338158022315898,mean_spl,0.37643443940642185
state_dept,3,DeepSets_Q,DeepSets,TX__HOUSEHOLD_1,1540,33,238686.875,0.07464916185986831,mean_spl,0.11006975676979147
state_dept,3,DeepSets_Q,DeepSets,TX__HOUSEHOLD_2,1540,34,65358.37109375,0.020440787214105013,mean_spl,0.3249292357609544
state_dept,3,DeepSets_Q,DeepSets,WI__FOODS_1,1540,35,58520.7421875,0.01830232330836922,mean_spl,0.17029417094884136
state_dept,3,DeepSets_Q,DeepSets,WI__FOODS_2,1540,36,153677.65625,0.04806258507365121,mean_spl,0.18346302752748675
state_dept,3,DeepSets_Q,DeepSets,WI__FOODS_3,1540,37,302620.28125,0.09464429226412269,mean_spl,0.0828094310441847
state_dept,3,DeepSets_Q,DeepSets,WI__HOBBIES_1,1540,38,86954.9453125,0.02719510147823926,mean_spl,0.15205514000625536
state_dept,3,DeepSets_Q,DeepSets,WI__HOBBIES_2,1540,39,5626.56005859375,0.0017597029268083338,mean_spl,0.48002940059278476
state_dept,3,DeepSets_Q,DeepSets,WI__HOUSEHOLD_1,1540,40,182516.109375,0.057081792162923924,mean_spl,0.18642345979644237
state_dept,3,DeepSets_Q,DeepSets,WI__HOUSEHOLD_2,1540,41,54006.36328125,0.016890454299361368,mean_spl,0.49415835040099343
state_dept,3,DeepSets_Q,DeepSets,CA__FOODS_1,1568,42,91596.8203125,0.028482807181531407,mean_spl,0.19148928258010942
state_dept,3,DeepSets_Q,DeepSets,CA__FOODS_2,1568,43,156476.3125,0.0486576348634051,mean_spl,0.14290358155753624
state_dept,3,DeepSets_Q,DeepSets,CA__FOODS_3,1568,44,483024.40625,0.15020053076356557,mean_spl,0.11804408624687876
state_dept,3,DeepSets_Q,DeepSets,CA__HOBBIES_1,1568,45,188982.28125,0.05876564120026683,mean_spl,0.14097622266873777
state_dept,3,DeepSets_Q,DeepSets,CA__HOBBIES_2,1568,46,9953.75,0.003095202879487709,mean_spl,0.3146694047722469
state_dept,3,DeepSets_Q,DeepSets,CA__HOUSEHOLD_1,1568,47,319543.40625,0.09936472898619221,mean_spl,0.19028152243178115
state_dept,3,DeepSets_Q,DeepSets,CA__HOUSEHOLD_2,1568,48,135963.625,0.042279040924836066,mean_spl,0.24414001800527604
state_dept,3,DeepSets_Q,DeepSets,TX__FOODS_1,1568,49,59411.7109375,0.018474574785286087,mean_spl,0.16984322252092446
state_dept,3,DeepSets_Q,DeepSets,TX__FOODS_2,1568,50,114977.109375,0.03575310611705872,mean_spl,0.13674037686056262
state_dept,3,DeepSets_Q,DeepSets,TX__FOODS_3,1568,51,330799.9375,0.10286504273106659,mean_spl,0.10244022712179829
state_dept,3,DeepSets_Q,DeepSets,TX__HOBBIES_1,1568,52,155761.671875,0.04843541130742882,mean_spl,0.15660065311514829
state_dept,3,DeepSets_Q,DeepSets,TX__HOBBIES_2,1568,53,8248.4501953125,0.0025649254598359614,mean_spl,0.37699730886022725
state_dept,3,DeepSets_Q,DeepSets,TX__HOUSEHOLD_1,1568,54,235384.296875,0.07319474102460778,mean_spl,0.15607880839806995
state_dept,3,DeepSets_Q,DeepSets,TX__HOUSEHOLD_2,1568,55,66066.3046875,0.020543877082090902,mean_spl,0.3523155373024282
state_dept,3,DeepSets_Q,DeepSets,WI__FOODS_1,1568,56,63138.0390625,0.019633308081020463,mean_spl,0.1581528858517343
state_dept,3,DeepSets_Q,DeepSets,WI__FOODS_2,1568,57,157345.46875,0.04892790636185792,mean_spl,0.2531755750693973
state_dept,3,DeepSets_Q,DeepSets,WI__FOODS_3,1568,58,314363.03125,0.09775384749762497,mean_spl,0.11942646775577145
state_dept,3,DeepSets_Q,DeepSets,WI__HOBBIES_1,1568,59,86906.6796875,0.027024368224585302,mean_spl,0.1391436233225266
state_dept,3,DeepSets_Q,DeepSets,WI__HOBBIES_2,1568,60,5669.52978515625,0.0017629883125813844,mean_spl,0.3752548585386861
state_dept,3,DeepSets_Q,DeepSets,WI__HOUSEHOLD_1,1568,61,180531.46875,0.05613778946760219,mean_spl,0.1619377238220442
state_dept,3,DeepSets_Q,DeepSets,WI__HOUSEHOLD_2,1568,62,51719.2109375,0.016082526748068034,mean_spl,0.5103770614852853
state_dept,3,DeepSets_Q,DeepSets,CA__FOODS_1,1596,63,104225.4609375,0.03227832053809302,mean_spl,0.18256685303247605
state_dept,3,DeepSets_Q,DeepSets,CA__FOODS_2,1596,64,156965.09375,0.04861163063018305,mean_spl,0.1756654000837527
state_dept,3,DeepSets_Q,DeepSets,CA__FOODS_3,1596,65,483484.875,0.14973385226790412,mean_spl,0.1325939857568279
state_dept,3,DeepSets_Q,DeepSets,CA__HOBBIES_1,1596,66,195908.78125,0.06067237679290928,mean_spl,0.1898405120840033
state_dept,3,DeepSets_Q,DeepSets,CA__HOBBIES_2,1596,67,9982.73046875,0.0030916224405946884,mean_spl,0.41639474506911606
state_dept,3,DeepSets_Q,DeepSets,CA__HOUSEHOLD_1,1596,68,342259.1875,0.10599666973751329,mean_spl,0.15663289027217664
state_dept,3,DeepSets_Q,DeepSets,CA__HOUSEHOLD_2,1596,69,133033.03125,0.04119994084187013,mean_spl,0.15558176869082418
state_dept,3,DeepSets_Q,DeepSets,TX__FOODS_1,1596,70,59812.12109375,0.018523639035619377,mean_spl,0.2064117136632239
state_dept,3,DeepSets_Q,DeepSets,TX__FOODS_2,1596,71,120399.46875,0.03728736347118747,mean_spl,0.29400043773595996
state_dept,3,DeepSets_Q,DeepSets,TX__FOODS_3,1596,72,309667.46875,0.09590310972600398,mean_spl,0.23907478628058257
state_dept,3,DeepSets_Q,DeepSets,TX__HOBBIES_1,1596,73,158022.265625,0.04893903366911582,mean_spl,0.30054552527189116
state_dept,3,DeepSets_Q,DeepSets,TX__HOBBIES_2,1596,74,7154.79931640625,0.0022158204304721526,mean_spl,0.3046248049189984
state_dept,3,DeepSets_Q,DeepSets,TX__HOUSEHOLD_1,1596,75,241072.3125,0.07465939038063396,mean_spl,0.1699493246288126
state_dept,3,DeepSets_Q,DeepSets,TX__HOUSEHOLD_2,1596,76,67740.2265625,0.020978950120629378,mean_spl,0.4634209506303957
state_dept,3,DeepSets_Q,DeepSets,WI__FOODS_1,1596,77,64269.5625,0.019904095607329662,mean_spl,0.20277216786468177
state_dept,3,DeepSets_Q,DeepSets,WI__FOODS_2,1596,78,147775.6875,0.04576569838076727,mean_spl,0.3536992849563371
state_dept,3,DeepSets_Q,DeepSets,WI__FOODS_3,1596,79,290961.6875,0.09010998396122544,mean_spl,0.1327503510522756
state_dept,3,DeepSets_Q,DeepSets,WI__HOBBIES_1,1596,80,90447.0,0.028011171468549298,mean_spl,0.200336407908755
state_dept,3,DeepSets_Q,DeepSets,WI__HOBBIES_2,1596,81,4754.08984375,0.0014723277255206915,mean_spl,0.42076307680401803
state_dept,3,DeepSets_Q,DeepSets,WI__HOUSEHOLD_1,1596,82,189330.5625,0.05863512167815837,mean_spl,0.21608760520493991
state_dept,3,DeepSets_Q,DeepSets,WI__HOUSEHOLD_2,1596,83,51695.29296875,0.01600988109571956,mean_spl,0.37071866728142244
state_dept,4,DeepSets,DeepSets,CA__FOODS_1,1568,0,91596.8203125,0.028482807181531407,rmsse,0.7621310113943424
state_dept,4,DeepSets,DeepSets,CA__FOODS_2,1568,1,156476.3125,0.0486576348634051,rmsse,0.6371018299256588
state_dept,4,DeepSets,DeepSets,CA__FOODS_3,1568,2,483024.40625,0.15020053076356557,rmsse,0.5217336042329354
state_dept,4,DeepSets,DeepSets,CA__HOBBIES_1,1568,3,188982.28125,0.05876564120026683,rmsse,0.5501115216955847
state_dept,4,DeepSets,DeepSets,CA__HOBBIES_2,1568,4,9953.75,0.003095202879487709,rmsse,2.3927959193422232
state_dept,4,DeepSets,DeepSets,CA__HOUSEHOLD_1,1568,5,319543.40625,0.09936472898619221,rmsse,0.5588792667158361
state_dept,4,DeepSets,DeepSets,CA__HOUSEHOLD_2,1568,6,135963.625,0.042279040924836066,rmsse,0.6841643611414493
state_dept,4,DeepSets,DeepSets,TX__FOODS_1,1568,7,59411.7109375,0.018474574785286087,rmsse,0.7431698988027227
state_dept,4,DeepSets,DeepSets,TX__FOODS_2,1568,8,114977.109375,0.03575310611705872,rmsse,0.6368325424213863
state_dept,4,DeepSets,DeepSets,TX__FOODS_3,1568,9,330799.9375,0.10286504273106659,rmsse,0.4613228474143855
state_dept,4,DeepSets,DeepSets,TX__HOBBIES_1,1568,10,155761.671875,0.04843541130742882,rmsse,0.6747499905338327
state_dept,4,DeepSets,DeepSets,TX__HOBBIES_2,1568,11,8248.4501953125,0.0025649254598359614,rmsse,2.836836065223808
state_dept,4,DeepSets,DeepSets,TX__HOUSEHOLD_1,1568,12,235384.296875,0.07319474102460778,rmsse,0.5538195487692152
state_dept,4,DeepSets,DeepSets,TX__HOUSEHOLD_2,1568,13,66066.3046875,0.020543877082090902,rmsse,1.4846030973157538
state_dept,4,DeepSets,DeepSets,WI__FOODS_1,1568,14,63138.0390625,0.019633308081020463,rmsse,0.6107135372066625
state_dept,4,DeepSets,DeepSets,WI__FOODS_2,1568,15,157345.46875,0.04892790636185792,rmsse,1.1130840941385154
state_dept,4,DeepSets,DeepSets,WI__FOODS_3,1568,16,314363.03125,0.09775384749762497,rmsse,0.49632928772878393
state_dept,4,DeepSets,DeepSets,WI__HOBBIES_1,1568,17,86906.6796875,0.027024368224585302,rmsse,0.5283514386639474
state_dept,4,DeepSets,DeepSets,WI__HOBBIES_2,1568,18,5669.52978515625,0.0017629883125813844,rmsse,2.8560815803969004
state_dept,4,DeepSets,DeepSets,WI__HOUSEHOLD_1,1568,19,180531.46875,0.05613778946760219,rmsse,0.6598702953240022
state_dept,4,DeepSets,DeepSets,WI__HOUSEHOLD_2,1568,20,51719.2109375,0.016082526748068034,rmsse,1.6045590840584405
state_dept,4,DeepSets,DeepSets,CA__FOODS_1,1596,21,104225.4609375,0.03227832053809302,rmsse,0.6750750633379754
state_dept,4,DeepSets,DeepSets,CA__FOODS_2,1596,22,156965.09375,0.04861163063018305,rmsse,0.8238607489553709
state_dept,4,DeepSets,DeepSets,CA__FOODS_3,1596,23,483484.875,0.14973385226790412,rmsse,0.5317768579682783
state_dept,4,DeepSets,DeepSets,CA__HOBBIES_1,1596,24,195908.78125,0.06067237679290928,rmsse,0.7841405992531517
state_dept,4,DeepSets,DeepSets,CA__HOBBIES_2,1596,25,9982.73046875,0.0030916224405946884,rmsse,3.265826785829856
state_dept,4,DeepSets,DeepSets,CA__HOUSEHOLD_1,1596,26,342259.1875,0.10599666973751329,rmsse,0.5504533275715597
state_dept,4,DeepSets,DeepSets,CA__HOUSEHOLD_2,1596,27,133033.03125,0.04119994084187013,rmsse,0.5543050221027433
state_dept,4,DeepSets,DeepSets,TX__FOODS_1,1596,28,59812.12109375,0.018523639035619377,rmsse,0.7852872919147103
state_dept,4,DeepSets,DeepSets,TX__FOODS_2,1596,29,120399.46875,0.03728736347118747,rmsse,1.1503368008818733
state_dept,4,DeepSets,DeepSets,TX__FOODS_3,1596,30,309667.46875,0.09590310972600398,rmsse,1.161048870134546
state_dept,4,DeepSets,DeepSets,TX__HOBBIES_1,1596,31,158022.265625,0.04893903366911582,rmsse,1.2216291253185783
state_dept,4,DeepSets,DeepSets,TX__HOBBIES_2,1596,32,7154.79931640625,0.0022158204304721526,rmsse,2.4765898862218174
state_dept,4,DeepSets,DeepSets,TX__HOUSEHOLD_1,1596,33,241072.3125,0.07465939038063396,rmsse,0.7186567452075757
state_dept,4,DeepSets,DeepSets,TX__HOUSEHOLD_2,1596,34,67740.2265625,0.020978950120629378,rmsse,1.719187579773604
state_dept,4,DeepSets,DeepSets,WI__FOODS_1,1596,35,64269.5625,0.019904095607329662,rmsse,0.8997342123766772
state_dept,4,DeepSets,DeepSets,WI__FOODS_2,1596,36,147775.6875,0.04576569838076727,rmsse,1.4895371557959611
state_dept,4,DeepSets,DeepSets,WI__FOODS_3,1596,37,290961.6875,0.09010998396122544,rmsse,0.5738953682278469
state_dept,4,DeepSets,DeepSets,WI__HOBBIES_1,1596,38,90447.0,0.028011171468549298,rmsse,0.8555876027772458
state_dept,4,DeepSets,DeepSets,WI__HOBBIES_2,1596,39,4754.08984375,0.0014723277255206915,rmsse,2.9279553868182178
state_dept,4,DeepSets,DeepSets,WI__HOUSEHOLD_1,1596,40,189330.5625,0.05863512167815837,rmsse,0.9493327561067817
state_dept,4,DeepSets,DeepSets,WI__HOUSEHOLD_2,1596,41,51695.29296875,0.01600988109571956,rmsse,1.6201303437815286
state_dept,4,DeepSets,DeepSets,CA__FOODS_1,1624,42,104391.578125,0.032189875995532614,rmsse,0.6140990786840919
state_dept,4,DeepSets,DeepSets,CA__FOODS_2,1624,43,167035.0,0.05150641491860089,rmsse,0.7596514631862424
state_dept,4,DeepSets,DeepSets,CA__FOODS_3,1624,44,512413.875,0.15800641575596788,rmsse,0.37361913070641894
state_dept,4,DeepSets,DeepSets,CA__HOBBIES_1,1624,45,199486.59375,0.06151309167770752,rmsse,0.5564971599100081
state_dept,4,DeepSets,DeepSets,CA__HOBBIES_2,1624,46,8716.3203125,0.002687738561253953,rmsse,2.382506812043093
state_dept,4,DeepSets,DeepSets,CA__HOUSEHOLD_1,1624,47,345654.34375,0.10658494356035682,rmsse,0.707513704456059
state_dept,4,DeepSets,DeepSets,CA__HOUSEHOLD_2,1624,48,140898.65625,0.04344708983318358,rmsse,0.4058103330703916
state_dept,4,DeepSets,DeepSets,TX__FOODS_1,1624,49,63989.390625,0.01973157783649942,rmsse,0.8842935647297973
state_dept,4,DeepSets,DeepSets,TX__FOODS_2,1624,50,113816.6015625,0.035096148140827996,rmsse,0.6890075752200238
state_dept,4,DeepSets,DeepSets,TX__FOODS_3,1624,51,304156.28125,0.09378872465148723,rmsse,0.5337719349911608
state_dept,4,DeepSets,DeepSets,TX__HOBBIES_1,1624,52,144561.640625,0.044576596781183114,rmsse,0.6073249222259798
state_dept,4,DeepSets,DeepSets,TX__HOBBIES_2,1624,53,6204.10986328125,0.0019130808322731663,rmsse,2.3841572669972124
state_dept,4,DeepSets,DeepSets,TX__HOUSEHOLD_1,1624,54,231992.578125,0.07153654016788208,rmsse,0.5057419119573477
state_dept,4,DeepSets,DeepSets,TX__HOUSEHOLD_2,1624,55,66200.234375,0.020413307028032304,rmsse,1.4496277906583948
state_dept,4,DeepSets,DeepSets,WI__FOODS_1,1624,56,69675.0546875,0.021484792266354854,rmsse,1.1222563948470559
state_dept,4,DeepSets,DeepSets,WI__FOODS_2,1624,57,139678.390625,0.043070812360844514,rmsse,1.03158755662366
state_dept,4,DeepSets,DeepSets,WI__FOODS_3,1624,58,290668.625,0.08962971115675882,rmsse,0.41337069629816603
state_dept,4,DeepSets,DeepSets,WI__HOBBIES_1,1624,59,90310.5,0.02784787669953187,rmsse,0.5345710006759583
state_dept,4,DeepSets,DeepSets,WI__HOBBIES_2,1624,60,5081.4296875,0.001566894518298988,rmsse,2.7432880794997385
state_dept,4,DeepSets,DeepSets,WI__HOUSEHOLD_1,1624,61,185573.890625,0.05722301199503284,rmsse,0.9834585957823504
state_dept,4,DeepSets,DeepSets,WI__HOUSEHOLD_2,1624,62,52489.01171875,0.01618535526238957,rmsse,1.4025747589384527
state_dept,4,DeepSets,DeepSets,CA__FOODS_1,1652,63,101877.3671875,0.030383356274891915,rmsse,0.5296640162188194
state_dept,4,DeepSets,DeepSets,CA__FOODS_2,1652,64,172346.765625,0.05139976942250788,rmsse,0.6869374623235062
state_dept,4,DeepSets,DeepSets,CA__FOODS_3,1652,65,524325.6875,0.15637206385664032,rmsse,0.45455404587950043
state_dept,4,DeepSets,DeepSets,CA__HOBBIES_1,1652,66,203777.609375,0.06077353466635374,rmsse,0.6571944467544609
state_dept,4,DeepSets,DeepSets,CA__HOBBIES_2,1652,67,8851.7197265625,0.0026398891286880046,rmsse,1.6818249235037541
state_dept,4,DeepSets,DeepSets,CA__HOUSEHOLD_1,1652,68,370819.5,0.11059120679317745,rmsse,0.5613095460999089
state_dept,4,DeepSets,DeepSets,CA__HOUSEHOLD_2,1652,69,143079.890625,0.04267137454220877,rmsse,0.5782149144365809
state_dept,4,DeepSets,DeepSets,TX__FOODS_1,1652,70,57638.46484375,0.017189784746423648,rmsse,0.9026886180317012
state_dept,4,DeepSets,DeepSets,TX__FOODS_2,1652,71,116447.3046875,0.03472861581767802,rmsse,0.5507046279638771
state_dept,4,DeepSets,DeepSets,TX__FOODS_3,1652,72,336981.875,0.10049965609596495,rmsse,0.6790699151348086
state_dept,4,DeepSets,DeepSets,TX__HOBBIES_1,1652,73,141949.046875,0.04233411780407331,rmsse,0.715600619309032
state_dept,4,DeepSets,DeepSets,TX__HOBBIES_2,1652,74,6045.189453125,0.0018028846835575856,rmsse,1.9621869854105543
state_dept,4,DeepSets,DeepSets,TX__HOUSEHOLD_1,1652,75,241600.71875,0.07205369471848583,rmsse,0.5346772327270115
state_dept,4,DeepSets,DeepSets,TX__HOUSEHOLD_2,1652,76,70758.0234375,0.021102491110238427,rmsse,1.7466271715999215
state_dept,4,DeepSets,DeepSets,WI__FOODS_1,1652,77,65227.64453125,0.019453140746339765,rmsse,0.7736633237101569
state_dept,4,DeepSets,DeepSets,WI__FOODS_2,1652,78,144205.625,0.04300710748791366,rmsse,0.8471971104432258
state_dept,4,DeepSets,DeepSets,WI__FOODS_3,1652,79,306161.65625,0.09130800035727749,rmsse,0.49181233387698325
state_dept,4,DeepSets,DeepSets,WI__HOBBIES_1,1652,80,88051.4921875,0.026260001917255325,rmsse,0.62754213079937
state_dept,4,DeepSets,DeepSets,WI__HOBBIES_2,1652,81,4666.27001953125,0.0013916431921265863,rmsse,2.263529709400996
state_dept,4,DeepSets,DeepSets,WI__HOUSEHOLD_1,1652,82,196633.984375,0.05864305849229085,rmsse,0.8660481287147836
state_dept,4,DeepSets,DeepSets,WI__HOUSEHOLD_2,1652,83,51619.12109375,0.015394608145906496,rmsse,1.443281061856209
state_dept,4,DeepSets_Q,DeepSets,CA__FOODS_1,1568,0,91596.8203125,0.028482807181531407,mean_spl,0.1881739846603445
state_dept,4,DeepSets_Q,DeepSets,CA__FOODS_2,1568,1,156476.3125,0.0486576348634051,mean_spl,0.13824771820087658
state_dept,4,DeepSets_Q,DeepSets,CA__FOODS_3,1568,2,483024.40625,0.15020053076356557,mean_spl,0.12191427063512356
state_dept,4,DeepSets_Q,DeepSets,CA__HOBBIES_1,1568,3,188982.28125,0.05876564120026683,mean_spl,0.13305376997118315
state_dept,4,DeepSets_Q,DeepSets,CA__HOBBIES_2,1568,4,9953.75,0.003095202879487709,mean_spl,0.4215167588340083
state_dept,4,DeepSets_Q,DeepSets,CA__HOUSEHOLD_1,1568,5,319543.40625,0.09936472898619221,mean_spl,0.1853875466814724
state_dept,4,DeepSets_Q,DeepSets,CA__HOUSEHOLD_2,1568,6,135963.625,0.042279040924836066,mean_spl,0.11994093374640648
state_dept,4,DeepSets_Q,DeepSets,TX__FOODS_1,1568,7,59411.7109375,0.018474574785286087,mean_spl,0.1744710012003697
state_dept,4,DeepSets_Q,DeepSets,TX__FOODS_2,1568,8,114977.109375,0.03575310611705872,mean_spl,0.12463348815924818
state_dept,4,DeepSets_Q,DeepSets,TX__FOODS_3,1568,9,330799.9375,0.10286504273106659,mean_spl,0.10453415177436903
state_dept,4,DeepSets_Q,DeepSets,TX__HOBBIES_1,1568,10,155761.671875,0.04843541130742882,mean_spl,0.17562224677332516
state_dept,4,DeepSets_Q,DeepSets,TX__HOBBIES_2,1568,11,8248.4501953125,0.0025649254598359614,mean_spl,0.554001027891822
state_dept,4,DeepSets_Q,DeepSets,TX__HOUSEHOLD_1,1568,12,235384.296875,0.07319474102460778,mean_spl,0.14470192046230848
state_dept,4,DeepSets_Q,DeepSets,TX__HOUSEHOLD_2,1568,13,66066.3046875,0.020543877082090902,mean_spl,0.2169571578988918
state_dept,4,DeepSets_Q,DeepSets,WI__FOODS_1,1568,14,63138.0390625,0.019633308081020463,mean_spl,0.16017747952062336
state_dept,4,DeepSets_Q,DeepSets,WI__FOODS_2,1568,15,157345.46875,0.04892790636185792,mean_spl,0.2706540091624061
state_dept,4,DeepSets_Q,DeepSets,WI__FOODS_3,1568,16,314363.03125,0.09775384749762497,mean_spl,0.12379587010084994
state_dept,4,DeepSets_Q,DeepSets,WI__HOBBIES_1,1568,17,86906.6796875,0.027024368224585302,mean_spl,0.12277097955431174
state_dept,4,DeepSets_Q,DeepSets,WI__HOBBIES_2,1568,18,5669.52978515625,0.0017629883125813844,mean_spl,0.6557154350921531
state_dept,4,DeepSets_Q,DeepSets,WI__HOUSEHOLD_1,1568,19,180531.46875,0.05613778946760219,mean_spl,0.1705951648316947
state_dept,4,DeepSets_Q,DeepSets,WI__HOUSEHOLD_2,1568,20,51719.2109375,0.016082526748068034,mean_spl,0.27146853514807817
state_dept,4,DeepSets_Q,DeepSets,CA__FOODS_1,1596,21,104225.4609375,0.03227832053809302,mean_spl,0.1907844690123056
state_dept,4,DeepSets_Q,DeepSets,CA__FOODS_2,1596,22,156965.09375,0.04861163063018305,mean_spl,0.20380971452308577
state_dept,4,DeepSets_Q,DeepSets,CA__FOODS_3,1596,23,483484.875,0.14973385226790412,mean_spl,0.15219195196292712
state_dept,4,DeepSets_Q,DeepSets,CA__HOBBIES_1,1596,24,195908.78125,0.06067237679290928,mean_spl,0.20941379379405203
state_dept,4,DeepSets_Q,DeepSets,CA__HOBBIES_2,1596,25,9982.73046875,0.0030916224405946884,mean_spl,0.47042519413383577
state_dept,4,DeepSets_Q,DeepSets,CA__HOUSEHOLD_1,1596,26,342259.1875,0.10599666973751329,mean_spl,0.14897215234653416
state_dept,4,DeepSets_Q,DeepSets,CA__HOUSEHOLD_2,1596,27,133033.03125,0.04119994084187013,mean_spl,0.15280467000273276
state_dept,4,DeepSets_Q,DeepSets,TX__FOODS_1,1596,28,59812.12109375,0.018523639035619377,mean_spl,0.21259024792833464
state_dept,4,DeepSets_Q,DeepSets,TX__FOODS_2,1596,29,120399.46875,0.03728736347118747,mean_spl,0.21446313586645263
state_dept,4,DeepSets_Q,DeepSets,TX__FOODS_3,1596,30,309667.46875,0.09590310972600398,mean_spl,0.21770720533574936
state_dept,4,DeepSets_Q,DeepSets,TX__HOBBIES_1,1596,31,158022.265625,0.04893903366911582,mean_spl,0.1859109700672381
state_dept,4,DeepSets_Q,DeepSets,TX__HOBBIES_2,1596,32,7154.79931640625,0.0022158204304721526,mean_spl,0.4022814220550664
state_dept,4,DeepSets_Q,DeepSets,TX__HOUSEHOLD_1,1596,33,241072.3125,0.07465939038063396,mean_spl,0.1681964974917921
state_dept,4,DeepSets_Q,DeepSets,TX__HOUSEHOLD_2,1596,34,67740.2265625,0.020978950120629378,mean_spl,0.31025580357521443
state_dept,4,DeepSets_Q,DeepSets,WI__FOODS_1,1596,35,64269.5625,0.019904095607329662,mean_spl,0.19135934583358402
state_dept,4,DeepSets_Q,DeepSets,WI__FOODS_2,1596,36,147775.6875,0.04576569838076727,mean_spl,0.35654773261606765
state_dept,4,DeepSets_Q,DeepSets,WI__FOODS_3,1596,37,290961.6875,0.09010998396122544,mean_spl,0.12057549833559235
state_dept,4,DeepSets_Q,DeepSets,WI__HOBBIES_1,1596,38,90447.0,0.028011171468549298,mean_spl,0.17098681652650446
state_dept,4,DeepSets_Q,DeepSets,WI__HOBBIES_2,1596,39,4754.08984375,0.0014723277255206915,mean_spl,0.5669234267534986
state_dept,4,DeepSets_Q,DeepSets,WI__HOUSEHOLD_1,1596,40,189330.5625,0.05863512167815837,mean_spl,0.2433920678816001
state_dept,4,DeepSets_Q,DeepSets,WI__HOUSEHOLD_2,1596,41,51695.29296875,0.01600988109571956,mean_spl,0.2794655983464509
state_dept,4,DeepSets_Q,DeepSets,CA__FOODS_1,1624,42,104391.578125,0.032189875995532614,mean_spl,0.1588076238012192
state_dept,4,DeepSets_Q,DeepSets,CA__FOODS_2,1624,43,167035.0,0.05150641491860089,mean_spl,0.17527355663408606
state_dept,4,DeepSets_Q,DeepSets,CA__FOODS_3,1624,44,512413.875,0.15800641575596788,mean_spl,0.11383356488893459
state_dept,4,DeepSets_Q,DeepSets,CA__HOBBIES_1,1624,45,199486.59375,0.06151309167770752,mean_spl,0.14345337202014982
state_dept,4,DeepSets_Q,DeepSets,CA__HOBBIES_2,1624,46,8716.3203125,0.002687738561253953,mean_spl,0.49387392589662327
state_dept,4,DeepSets_Q,DeepSets,CA__HOUSEHOLD_1,1624,47,345654.34375,0.10658494356035682,mean_spl,0.22488699758699462
state_dept,4,DeepSets_Q,DeepSets,CA__HOUSEHOLD_2,1624,48,140898.65625,0.04344708983318358,mean_spl,0.11006505863991393
state_dept,4,DeepSets_Q,DeepSets,TX__FOODS_1,1624,49,63989.390625,0.01973157783649942,mean_spl,0.20214999431904362
state_dept,4,DeepSets_Q,DeepSets,TX__FOODS_2,1624,50,113816.6015625,0.035096148140827996,mean_spl,0.1505403928700582
state_dept,4,DeepSets_Q,DeepSets,TX__FOODS_3,1624,51,304156.28125,0.09378872465148723,mean_spl,0.18528184382909088
state_dept,4,DeepSets_Q,DeepSets,TX__HOBBIES_1,1624,52,144561.640625,0.044576596781183114,mean_spl,0.12529402145409757
state_dept,4,DeepSets_Q,DeepSets,TX__HOBBIES_2,1624,53,6204.10986328125,0.0019130808322731663,mean_spl,0.4931994137481216
state_dept,4,DeepSets_Q,DeepSets,TX__HOUSEHOLD_1,1624,54,231992.578125,0.07153654016788208,mean_spl,0.1400150075162649
state_dept,4,DeepSets_Q,DeepSets,TX__HOUSEHOLD_2,1624,55,66200.234375,0.020413307028032304,mean_spl,0.22003178170191567
state_dept,4,DeepSets_Q,DeepSets,WI__FOODS_1,1624,56,69675.0546875,0.021484792266354854,mean_spl,0.23986083428687208
state_dept,4,DeepSets_Q,DeepSets,WI__FOODS_2,1624,57,139678.390625,0.043070812360844514,mean_spl,0.2593289060169557
state_dept,4,DeepSets_Q,DeepSets,WI__FOODS_3,1624,58,290668.625,0.08962971115675882,mean_spl,0.10190892396068764
state_dept,4,DeepSets_Q,DeepSets,WI__HOBBIES_1,1624,59,90310.5,0.02784787669953187,mean_spl,0.11902112462629932
state_dept,4,DeepSets_Q,DeepSets,WI__HOBBIES_2,1624,60,5081.4296875,0.001566894518298988,mean_spl,0.617009158819027
state_dept,4,DeepSets_Q,DeepSets,WI__HOUSEHOLD_1,1624,61,185573.890625,0.05722301199503284,mean_spl,0.2551033660134291
state_dept,4,DeepSets_Q,DeepSets,WI__HOUSEHOLD_2,1624,62,52489.01171875,0.01618535526238957,mean_spl,0.2533745439686462
state_dept,4,DeepSets_Q,DeepSets,CA__FOODS_1,1652,63,101877.3671875,0.030383356274891915,mean_spl,0.1577544823431219
state_dept,4,DeepSets_Q,DeepSets,CA__FOODS_2,1652,64,172346.765625,0.05139976942250788,mean_spl,0.1455612128907524
state_dept,4,DeepSets_Q,DeepSets,CA__FOODS_3,1652,65,524325.6875,0.15637206385664032,mean_spl,0.11742612615592579
state_dept,4,DeepSets_Q,DeepSets,CA__HOBBIES_1,1652,66,203777.609375,0.06077353466635374,mean_spl,0.1551835469738036
state_dept,4,DeepSets_Q,DeepSets,CA__HOBBIES_2,1652,67,8851.7197265625,0.0026398891286880046,mean_spl,0.36248708350715747
state_dept,4,DeepSets_Q,DeepSets,CA__HOUSEHOLD_1,1652,68,370819.5,0.11059120679317745,mean_spl,0.17375479727117166
state_dept,4,DeepSets_Q,DeepSets,CA__HOUSEHOLD_2,1652,69,143079.890625,0.04267137454220877,mean_spl,0.11757915736409391
state_dept,4,DeepSets_Q,DeepSets,TX__FOODS_1,1652,70,57638.46484375,0.017189784746423648,mean_spl,0.21498452100412832
state_dept,4,DeepSets_Q,DeepSets,TX__FOODS_2,1652,71,116447.3046875,0.03472861581767802,mean_spl,0.12868424981399273
state_dept,4,DeepSets_Q,DeepSets,TX__FOODS_3,1652,72,336981.875,0.10049965609596495,mean_spl,0.15864843673450663
state_dept,4,DeepSets_Q,DeepSets,TX__HOBBIES_1,1652,73,141949.046875,0.04233411780407331,mean_spl,0.13233373459685777
state_dept,4,DeepSets_Q,DeepSets,TX__HOBBIES_2,1652,74,6045.189453125,0.0018028846835575856,mean_spl,0.3597769398989558
state_dept,4,DeepSets_Q,DeepSets,TX__HOUSEHOLD_1,1652,75,241600.71875,0.07205369471848583,mean_spl,0.14082839727669805
state_dept,4,DeepSets_Q,DeepSets,TX__HOUSEHOLD_2,1652,76,70758.0234375,0.021102491110238427,mean_spl,0.2371833435517866
state_dept,4,DeepSets_Q,DeepSets,WI__FOODS_1,1652,77,65227.64453125,0.019453140746339765,mean_spl,0.1544927795836998
state_dept,4,DeepSets_Q,DeepSets,WI__FOODS_2,1652,78,144205.625,0.04300710748791366,mean_spl,0.18480832028082517
state_dept,4,DeepSets_Q,DeepSets,WI__FOODS_3,1652,79,306161.65625,0.09130800035727749,mean_spl,0.135337013220231
state_dept,4,DeepSets_Q,DeepSets,WI__HOBBIES_1,1652,80,88051.4921875,0.026260001917255325,mean_spl,0.13575892808984868
state_dept,4,DeepSets_Q,DeepSets,WI__HOBBIES_2,1652,81,4666.27001953125,0.0013916431921265863,mean_spl,0.46975327832450936
state_dept,4,DeepSets_Q,DeepSets,WI__HOUSEHOLD_1,1652,82,196633.984375,0.05864305849229085,mean_spl,0.2245387916540695
state_dept,4,DeepSets_Q,DeepSets,WI__HOUSEHOLD_2,1652,83,51619.12109375,0.015394608145906496,mean_spl,0.18722200859998064
state_dept,5,DeepSets,DeepSets,CA__FOODS_1,1624,0,104391.578125,0.032189875995532614,rmsse,0.5621528834020162
state_dept,5,DeepSets,DeepSets,CA__FOODS_2,1624,1,167035.0,0.05150641491860089,rmsse,0.7067498453874064
state_dept,5,DeepSets,DeepSets,CA__FOODS_3,1624,2,512413.875,0.15800641575596788,rmsse,0.27987286488018687
state_dept,5,DeepSets,DeepSets,CA__HOBBIES_1,1624,3,199486.59375,0.06151309167770752,rmsse,0.7260228484240258
state_dept,5,DeepSets,DeepSets,CA__HOBBIES_2,1624,4,8716.3203125,0.002687738561253953,rmsse,2.4604759421610165
state_dept,5,DeepSets,DeepSets,CA__HOUSEHOLD_1,1624,5,345654.34375,0.10658494356035682,rmsse,0.8925321597925909
state_dept,5,DeepSets,DeepSets,CA__HOUSEHOLD_2,1624,6,140898.65625,0.04344708983318358,rmsse,0.34200137511494105
state_dept,5,DeepSets,DeepSets,TX__FOODS_1,1624,7,63989.390625,0.01973157783649942,rmsse,0.8599292808275274
state_dept,5,DeepSets,DeepSets,TX__FOODS_2,1624,8,113816.6015625,0.035096148140827996,rmsse,0.6395040133707289
state_dept,5,DeepSets,DeepSets,TX__FOODS_3,1624,9,304156.28125,0.09378872465148723,rmsse,0.5569568536998065
state_dept,5,DeepSets,DeepSets,TX__HOBBIES_1,1624,10,144561.640625,0.044576596781183114,rmsse,0.4572585861543463
state_dept,5,DeepSets,DeepSets,TX__HOBBIES_2,1624,11,6204.10986328125,0.0019130808322731663,rmsse,3.316782930519891
state_dept,5,DeepSets,DeepSets,TX__HOUSEHOLD_1,1624,12,231992.578125,0.07153654016788208,rmsse,0.5918431091709251
state_dept,5,DeepSets,DeepSets,TX__HOUSEHOLD_2,1624,13,66200.234375,0.020413307028032304,rmsse,0.9922310292406408
state_dept,5,DeepSets,DeepSets,WI__FOODS_1,1624,14,69675.0546875,0.021484792266354854,rmsse,0.9863613120470214
state_dept,5,DeepSets,DeepSets,WI__FOODS_2,1624,15,139678.390625,0.043070812360844514,rmsse,1.008486853661687
state_dept,5,DeepSets,DeepSets,WI__FOODS_3,1624,16,290668.625,0.08962971115675882,rmsse,0.38581261028231645
state_dept,5,DeepSets,DeepSets,WI__HOBBIES_1,1624,17,90310.5,0.02784787669953187,rmsse,0.5360386078102131
state_dept,5,DeepSets,DeepSets,WI__HOBBIES_2,1624,18,5081.4296875,0.001566894518298988,rmsse,3.9735978984012807
state_dept,5,DeepSets,DeepSets,WI__HOUSEHOLD_1,1624,19,185573.890625,0.05722301199503284,rmsse,1.11066542004913
state_dept,5,DeepSets,DeepSets,WI__HOUSEHOLD_2,1624,20,52489.01171875,0.01618535526238957,rmsse,1.2587240109309359
state_dept,5,DeepSets,DeepSets,CA__FOODS_1,1652,21,101877.3671875,0.030383356274891915,rmsse,0.5779804512910205
state_dept,5,DeepSets,DeepSets,CA__FOODS_2,1652,22,172346.765625,0.05139976942250788,rmsse,0.661897928089511
state_dept,5,DeepSets,DeepSets,CA__FOODS_3,1652,23,524325.6875,0.15637206385664032,rmsse,0.5252874060420339
state_dept,5,DeepSets,DeepSets,CA__HOBBIES_1,1652,24,203777.609375,0.06077353466635374,rmsse,0.6157565839573376
state_dept,5,DeepSets,DeepSets,CA__HOBBIES_2,1652,25,8851.7197265625,0.0026398891286880046,rmsse,1.870793946104777
state_dept,5,DeepSets,DeepSets,CA__HOUSEHOLD_1,1652,26,370819.5,0.11059120679317745,rmsse,0.7416043267570771
state_dept,5,DeepSets,DeepSets,CA__HOUSEHOLD_2,1652,27,143079.890625,0.04267137454220877,rmsse,0.36693555026164465
state_dept,5,DeepSets,DeepSets,TX__FOODS_1,1652,28,57638.46484375,0.017189784746423648,rmsse,0.8272103105226797
state_dept,5,DeepSets,DeepSets,TX__FOODS_2,1652,29,116447.3046875,0.03472861581767802,rmsse,0.4525009602363323
state_dept,5,DeepSets,DeepSets,TX__FOODS_3,1652,30,336981.875,0.10049965609596495,rmsse,0.6559933216131321
state_dept,5,DeepSets,DeepSets,TX__HOBBIES_1,1652,31,141949.046875,0.04233411780407331,rmsse,0.6166498877134001
state_dept,5,DeepSets,DeepSets,TX__HOBBIES_2,1652,32,6045.189453125,0.0018028846835575856,rmsse,2.4214124860189004
state_dept,5,DeepSets,DeepSets,TX__HOUSEHOLD_1,1652,33,241600.71875,0.07205369471848583,rmsse,0.6146804814877888
state_dept,5,DeepSets,DeepSets,TX__HOUSEHOLD_2,1652,34,70758.0234375,0.021102491110238427,rmsse,1.2517809193517724
state_dept,5,DeepSets,DeepSets,WI__FOODS_1,1652,35,65227.64453125,0.019453140746339765,rmsse,0.5959262505537849
state_dept,5,DeepSets,DeepSets,WI__FOODS_2,1652,36,144205.625,0.04300710748791366,rmsse,0.7382782824606526
state_dept,5,DeepSets,DeepSets,WI__FOODS_3,1652,37,306161.65625,0.09130800035727749,rmsse,0.5577625376863085
state_dept,5,DeepSets,DeepSets,WI__HOBBIES_1,1652,38,88051.4921875,0.026260001917255325,rmsse,0.6316555805354092
state_dept,5,DeepSets,DeepSets,WI__HOBBIES_2,1652,39,4666.27001953125,0.0013916431921265863,rmsse,3.3581723720245233
state_dept,5,DeepSets,DeepSets,WI__HOUSEHOLD_1,1652,40,196633.984375,0.05864305849229085,rmsse,0.8501855885170955
state_dept,5,DeepSets,DeepSets,WI__HOUSEHOLD_2,1652,41,51619.12109375,0.015394608145906496,rmsse,1.255619714280041
state_dept,5,DeepSets,DeepSets,CA__FOODS_1,1680,42,105849.15625,0.031748092149343536,rmsse,0.5604437682649197
state_dept,5,DeepSets,DeepSets,CA__FOODS_2,1680,43,180573.46875,0.054160687989438794,rmsse,1.0797190863582455
state_dept,5,DeepSets,DeepSets,CA__FOODS_3,1680,44,522227.15625,0.1566353145069555,rmsse,0.6343246510647148
state_dept,5,DeepSets,DeepSets,CA__HOBBIES_1,1680,45,204925.59375,0.061464794473824046,rmsse,0.5223491313063915
state_dept,5,DeepSets,DeepSets,CA__HOBBIES_2,1680,46,9495.8798828125,0.0028481669598441296,rmsse,1.5453836262372167
state_dept,5,DeepSets,DeepSets,CA__HOUSEHOLD_1,1680,47,386333.125,0.11587564877583854,rmsse,0.630877914978884
state_dept,5,DeepSets,DeepSets,CA__HOUSEHOLD_2,1680,48,142584.140625,0.042766277937122975,rmsse,0.6277829202704538
state_dept,5,DeepSets,DeepSets,TX__FOODS_1,1680,49,58647.24609375,0.017590486681745305,rmsse,0.6165612795712277
state_dept,5,DeepSets,DeepSets,TX__FOODS_2,1680,50,116385.1484375,0.034908227408839414,rmsse,0.7793344629700103
state_dept,5,DeepSets,DeepSets,TX__FOODS_3,1680,51,292570.6875,0.08775281236072008,rmsse,0.4392666854702617
state_dept,5,DeepSets,DeepSets,TX__HOBBIES_1,1680,52,138358.875,0.04149896389164183,rmsse,0.6593878411224469
state_dept,5,DeepSets,DeepSets,TX__HOBBIES_2,1680,53,7358.69921875,0.0022071471249557294,rmsse,1.952449667296935
state_dept,5,DeepSets,DeepSets,TX__HOUSEHOLD_1,1680,54,246249.609375,0.0738594011246769,rmsse,0.542877393690369
state_dept,5,DeepSets,DeepSets,TX__HOUSEHOLD_2,1680,55,68115.1875,0.020430273855109857,rmsse,1.4474697637212437
state_dept,5,DeepSets,DeepSets,WI__FOODS_1,1680,56,66368.7265625,0.019906445373680852,rmsse,0.6577592097372668
state_dept,5,DeepSets,DeepSets,WI__FOODS_2,1680,57,154699.828125,0.04640022247508569,rmsse,1.0621793257095207
state_dept,5,DeepSets,DeepSets,WI__FOODS_3,1680,58,288137.90625,0.08642325667422511,rmsse,0.44805529829343194
state_dept,5,DeepSets,DeepSets,WI__HOBBIES_1,1680,59,88609.6953125,0.026577337711244195,rmsse,0.7006412446886273
state_dept,5,DeepSets,DeepSets,WI__HOBBIES_2,1680,60,5649.650390625,0.001694539924243725,rmsse,2.8616866675836867
state_dept,5,DeepSets,DeepSets,WI__HOUSEHOLD_1,1680,61,198324.921875,0.059485007894891535,rmsse,0.9536392971613339
state_dept,5,DeepSets,DeepSets,WI__HOUSEHOLD_2,1680,62,52567.33203125,0.015766894706572242,rmsse,1.6088007722207496
state_dept,5,DeepSets,DeepSets,CA__FOODS_1,1708,63,100270.671875,0.029837655447102953,rmsse,0.5784095422357477
state_dept,5,DeepSets,DeepSets,CA__FOODS_2,1708,64,192013.125,0.05713755934749999,rmsse,0.9694453643639488
state_dept,5,DeepSets,DeepSets,CA__FOODS_3,1708,65,536624.0,0.1596838010281476,rmsse,0.2678083555841255
state_dept,5,DeepSets,DeepSets,CA__HOBBIES_1,1708,66,201237.296875,0.05988240644031905,rmsse,0.4974751532038014
state_dept,5,DeepSets,DeepSets,CA__HOBBIES_2,1708,67,9113.939453125,0.0027120451083354393,rmsse,3.188572848571508
state_dept,5,DeepSets,DeepSets,CA__HOUSEHOLD_1,1708,68,374403.46875,0.11141165696674632,rmsse,0.3592447716635044
state_dept,5,DeepSets,DeepSets,CA__HOUSEHOLD_2,1708,69,128293.203125,0.03817635126471463,rmsse,0.4071732683920708
state_dept,5,DeepSets,DeepSets,TX__FOODS_1,1708,70,61970.87890625,0.01844074341961048,rmsse,0.7912545824230028
state_dept,5,DeepSets,DeepSets,TX__FOODS_2,1708,71,124073.671875,0.03692074065364049,rmsse,0.7184733313201599
state_dept,5,DeepSets,DeepSets,TX__FOODS_3,1708,72,305109.125,0.09079166196139608,rmsse,0.3511042745699122
state_dept,5,DeepSets,DeepSets,TX__HOBBIES_1,1708,73,135840.265625,0.04042213905392457,rmsse,0.6483238805776615
state_dept,5,DeepSets,DeepSets,TX__HOBBIES_2,1708,74,7121.1904296875,0.0021190605631834724,rmsse,2.481122851031989
state_dept,5,DeepSets,DeepSets,TX__HOUSEHOLD_1,1708,75,241073.09375,0.0717363888600118,rmsse,0.5336781894275953
state_dept,5,DeepSets,DeepSets,TX__HOUSEHOLD_2,1708,76,61093.55078125,0.018179675912848022,rmsse,1.0734737396152496
state_dept,5,DeepSets,DeepSets,WI__FOODS_1,1708,77,66279.75,0.019722938987438814,rmsse,0.981695106079471
state_dept,5,DeepSets,DeepSets,WI__FOODS_2,1708,78,166701.859375,0.049605657859990875,rmsse,1.6058759978746011
state_dept,5,DeepSets,DeepSets,WI__FOODS_3,1708,79,309017.375,0.09195464426440203,rmsse,0.4185817609088739
state_dept,5,DeepSets,DeepSets,WI__HOBBIES_1,1708,80,89558.953125,0.026650157374813088,rmsse,0.6054372718049381
state_dept,5,DeepSets,DeepSets,WI__HOBBIES_2,1708,81,5060.5205078125,0.0015058647206766594,rmsse,2.6489910896975233
state_dept,5,DeepSets,DeepSets,WI__HOUSEHOLD_1,1708,82,200282.53125,0.05959829577048129,rmsse,0.8334762047596708
state_dept,5,DeepSets,DeepSets,WI__HOUSEHOLD_2,1708,83,45402.77734375,0.013510554994716343,rmsse,1.3931398707282445
state_dept,5,DeepSets_Q,DeepSets,CA__FOODS_1,1624,0,104391.578125,0.032189875995532614,mean_spl,0.13038330292193115
state_dept,5,DeepSets_Q,DeepSets,CA__FOODS_2,1624,1,167035.0,0.05150641491860089,mean_spl,0.17248908998716705
state_dept,5,DeepSets_Q,DeepSets,CA__FOODS_3,1624,2,512413.875,0.15800641575596788,mean_spl,0.06887908214108374
state_dept,5,DeepSets_Q,DeepSets,CA__HOBBIES_1,1624,3,199486.59375,0.06151309167770752,mean_spl,0.1258698437036988
state_dept,5,DeepSets_Q,DeepSets,CA__HOBBIES_2,1624,4,8716.3203125,0.002687738561253953,mean_spl,0.34216515484644666
state_dept,5,DeepSets_Q,DeepSets,CA__HOUSEHOLD_1,1624,5,345654.34375,0.10658494356035682,mean_spl,0.14611878764241218
state_dept,5,DeepSets_Q,DeepSets,CA__HOUSEHOLD_2,1624,6,140898.65625,0.04344708983318358,mean_spl,0.10387596785214745
state_dept,5,DeepSets_Q,DeepSets,TX__FOODS_1,1624,7,63989.390625,0.01973157783649942,mean_spl,0.17507517763374308
state_dept,5,DeepSets_Q,DeepSets,TX__FOODS_2,1624,8,113816.6015625,0.035096148140827996,mean_spl,0.17076295228261415
state_dept,5,DeepSets_Q,DeepSets,TX__FOODS_3,1624,9,304156.28125,0.09378872465148723,mean_spl,0.12445390816744926
state_dept,5,DeepSets_Q,DeepSets,TX__HOBBIES_1,1624,10,144561.640625,0.044576596781183114,mean_spl,0.11698621512597088
state_dept,5,DeepSets_Q,DeepSets,TX__HOBBIES_2,1624,11,6204.10986328125,0.0019130808322731663,mean_spl,0.4214340730109049
state_dept,5,DeepSets_Q,DeepSets,TX__HOUSEHOLD_1,1624,12,231992.578125,0.07153654016788208,mean_spl,0.1363052646879038
state_dept,5,DeepSets_Q,DeepSets,TX__HOUSEHOLD_2,1624,13,66200.234375,0.020413307028032304,mean_spl,0.2531303612652576
state_dept,5,DeepSets_Q,DeepSets,WI__FOODS_1,1624,14,69675.0546875,0.021484792266354854,mean_spl,0.20708533550514913
state_dept,5,DeepSets_Q,DeepSets,WI__FOODS_2,1624,15,139678.390625,0.043070812360844514,mean_spl,0.19834231996769752
state_dept,5,DeepSets_Q,DeepSets,WI__FOODS_3,1624,16,290668.625,0.08962971115675882,mean_spl,0.08875846754171335
state_dept,5,DeepSets_Q,DeepSets,WI__HOBBIES_1,1624,17,90310.5,0.02784787669953187,mean_spl,0.1156844288564611
state_dept,5,DeepSets_Q,DeepSets,WI__HOBBIES_2,1624,18,5081.4296875,0.001566894518298988,mean_spl,0.5588962222717376
state_dept,5,DeepSets_Q,DeepSets,WI__HOUSEHOLD_1,1624,19,185573.890625,0.05722301199503284,mean_spl,0.21410414338411546
state_dept,5,DeepSets_Q,DeepSets,WI__HOUSEHOLD_2,1624,20,52489.01171875,0.01618535526238957,mean_spl,0.24172046475685438
state_dept,5,DeepSets_Q,DeepSets,CA__FOODS_1,1652,21,101877.3671875,0.030383356274891915,mean_spl,0.12515460675613277
state_dept,5,DeepSets_Q,DeepSets,CA__FOODS_2,1652,22,172346.765625,0.05139976942250788,mean_spl,0.1482637101250035
state_dept,5,DeepSets_Q,DeepSets,CA__FOODS_3,1652,23,524325.6875,0.15637206385664032,mean_spl,0.12658352817056467
state_dept,5,DeepSets_Q,DeepSets,CA__HOBBIES_1,1652,24,203777.609375,0.06077353466635374,mean_spl,0.13877094115479624
state_dept,5,DeepSets_Q,DeepSets,CA__HOBBIES_2,1652,25,8851.7197265625,0.0026398891286880046,mean_spl,0.367328856306996
state_dept,5,DeepSets_Q,DeepSets,CA__HOUSEHOLD_1,1652,26,370819.5,0.11059120679317745,mean_spl,0.13372185068187112
state_dept,5,DeepSets_Q,DeepSets,CA__HOUSEHOLD_2,1652,27,143079.890625,0.04267137454220877,mean_spl,0.13117581671030104
state_dept,5,DeepSets_Q,DeepSets,TX__FOODS_1,1652,28,57638.46484375,0.017189784746423648,mean_spl,0.18216466444786883
state_dept,5,DeepSets_Q,DeepSets,TX__FOODS_2,1652,29,116447.3046875,0.03472861581767802,mean_spl,0.14218949405383066
state_dept,5,DeepSets_Q,DeepSets,TX__FOODS_3,1652,30,336981.875,0.10049965609596495,mean_spl,0.24750537732800262
state_dept,5,DeepSets_Q,DeepSets,TX__HOBBIES_1,1652,31,141949.046875,0.04233411780407331,mean_spl,0.13973654990311102
state_dept,5,DeepSets_Q,DeepSets,TX__HOBBIES_2,1652,32,6045.189453125,0.0018028846835575856,mean_spl,0.2721888332702132
state_dept,5,DeepSets_Q,DeepSets,TX__HOUSEHOLD_1,1652,33,241600.71875,0.07205369471848583,mean_spl,0.11928188305007967
state_dept,5,DeepSets_Q,DeepSets,TX__HOUSEHOLD_2,1652,34,70758.0234375,0.021102491110238427,mean_spl,0.32470655345788274
state_dept,5,DeepSets_Q,DeepSets,WI__FOODS_1,1652,35,65227.64453125,0.019453140746339765,mean_spl,0.15200782879572095
state_dept,5,DeepSets_Q,DeepSets,WI__FOODS_2,1652,36,144205.625,0.04300710748791366,mean_spl,0.14103492136412626
state_dept,5,DeepSets_Q,DeepSets,WI__FOODS_3,1652,37,306161.65625,0.09130800035727749,mean_spl,0.16498681060377537
state_dept,5,DeepSets_Q,DeepSets,WI__HOBBIES_1,1652,38,88051.4921875,0.026260001917255325,mean_spl,0.13510316148139773
state_dept,5,DeepSets_Q,DeepSets,WI__HOBBIES_2,1652,39,4666.27001953125,0.0013916431921265863,mean_spl,0.45975214331877784
state_dept,5,DeepSets_Q,DeepSets,WI__HOUSEHOLD_1,1652,40,196633.984375,0.05864305849229085,mean_spl,0.23371061897294954
state_dept,5,DeepSets_Q,DeepSets,WI__HOUSEHOLD_2,1652,41,51619.12109375,0.015394608145906496,mean_spl,0.28927444141871317
state_dept,5,DeepSets_Q,DeepSets,CA__FOODS_1,1680,42,105849.15625,0.031748092149343536,mean_spl,0.13816342350666508
state_dept,5,DeepSets_Q,DeepSets,CA__FOODS_2,1680,43,180573.46875,0.054160687989438794,mean_spl,0.23673587784993255
state_dept,5,DeepSets_Q,DeepSets,CA__FOODS_3,1680,44,522227.15625,0.1566353145069555,mean_spl,0.1670202333109031
state_dept,5,DeepSets_Q,DeepSets,CA__HOBBIES_1,1680,45,204925.59375,0.061464794473824046,mean_spl,0.11898084380627262
state_dept,5,DeepSets_Q,DeepSets,CA__HOBBIES_2,1680,46,9495.8798828125,0.0028481669598441296,mean_spl,0.33382146481113617
state_dept,5,DeepSets_Q,DeepSets,CA__HOUSEHOLD_1,1680,47,386333.125,0.11587564877583854,mean_spl,0.16245690303327473
state_dept,5,DeepSets_Q,DeepSets,CA__HOUSEHOLD_2,1680,48,142584.140625,0.042766277937122975,mean_spl,0.19730092565158183
state_dept,5,DeepSets_Q,DeepSets,TX__FOODS_1,1680,49,58647.24609375,0.017590486681745305,mean_spl,0.172568062017544
state_dept,5,DeepSets_Q,DeepSets,TX__FOODS_2,1680,50,116385.1484375,0.034908227408839414,mean_spl,0.1702204869218441
state_dept,5,DeepSets_Q,DeepSets,TX__FOODS_3,1680,51,292570.6875,0.08775281236072008,mean_spl,0.10928874123186703
state_dept,5,DeepSets_Q,DeepSets,TX__HOBBIES_1,1680,52,138358.875,0.04149896389164183,mean_spl,0.137298673519134
state_dept,5,DeepSets_Q,DeepSets,TX__HOBBIES_2,1680,53,7358.69921875,0.0022071471249557294,mean_spl,0.34969245953012457
state_dept,5,DeepSets_Q,DeepSets,TX__HOUSEHOLD_1,1680,54,246249.609375,0.0738594011246769,mean_spl,0.12047915805762457
state_dept,5,DeepSets_Q,DeepSets,TX__HOUSEHOLD_2,1680,55,68115.1875,0.020430273855109857,mean_spl,0.30847066122995837
state_dept,5,DeepSets_Q,DeepSets,WI__FOODS_1,1680,56,66368.7265625,0.019906445373680852,mean_spl,0.1491913683496891
state_dept,5,DeepSets_Q,DeepSets,WI__FOODS_2,1680,57,154699.828125,0.04640022247508569,mean_spl,0.23171909874477115
state_dept,5,DeepSets_Q,DeepSets,WI__FOODS_3,1680,58,288137.90625,0.08642325667422511,mean_spl,0.08918130784647679
state_dept,5,DeepSets_Q,DeepSets,WI__HOBBIES_1,1680,59,88609.6953125,0.026577337711244195,mean_spl,0.13487568932255817
state_dept,5,DeepSets_Q,DeepSets,WI__HOBBIES_2,1680,60,5649.650390625,0.001694539924243725,mean_spl,0.5075793542438943
state_dept,5,DeepSets_Q,DeepSets,WI__HOUSEHOLD_1,1680,61,198324.921875,0.059485007894891535,mean_spl,0.2615303373450698
state_dept,5,DeepSets_Q,DeepSets,WI__HOUSEHOLD_2,1680,62,52567.33203125,0.015766894706572242,mean_spl,0.3470663258420512
state_dept,5,DeepSets_Q,DeepSets,CA__FOODS_1,1708,63,100270.671875,0.029837655447102953,mean_spl,0.15047723419877165
state_dept,5,DeepSets_Q,DeepSets,CA__FOODS_2,1708,64,192013.125,0.05713755934749999,mean_spl,0.2004130492862923
state_dept,5,DeepSets_Q,DeepSets,CA__FOODS_3,1708,65,536624.0,0.1596838010281476,mean_spl,0.0785883900419253
state_dept,5,DeepSets_Q,DeepSets,CA__HOBBIES_1,1708,66,201237.296875,0.05988240644031905,mean_spl,0.1319325953085263
state_dept,5,DeepSets_Q,DeepSets,CA__HOBBIES_2,1708,67,9113.939453125,0.0027120451083354393,mean_spl,0.7419448073773656
state_dept,5,DeepSets_Q,DeepSets,CA__HOUSEHOLD_1,1708,68,374403.46875,0.11141165696674632,mean_spl,0.10180627850947373
state_dept,5,DeepSets_Q,DeepSets,CA__HOUSEHOLD_2,1708,69,128293.203125,0.03817635126471463,mean_spl,0.1134936724418064
state_dept,5,DeepSets_Q,DeepSets,TX__FOODS_1,1708,70,61970.87890625,0.01844074341961048,mean_spl,0.19870464310396135
state_dept,5,DeepSets_Q,DeepSets,TX__FOODS_2,1708,71,124073.671875,0.03692074065364049,mean_spl,0.1462642433549864
state_dept,5,DeepSets_Q,DeepSets,TX__FOODS_3,1708,72,305109.125,0.09079166196139608,mean_spl,0.09450775453756419
state_dept,5,DeepSets_Q,DeepSets,TX__HOBBIES_1,1708,73,135840.265625,0.04042213905392457,mean_spl,0.1502911227811868
state_dept,5,DeepSets_Q,DeepSets,TX__HOBBIES_2,1708,74,7121.1904296875,0.0021190605631834724,mean_spl,0.7409900999613175
state_dept,5,DeepSets_Q,DeepSets,TX__HOUSEHOLD_1,1708,75,241073.09375,0.0717363888600118,mean_spl,0.1400542140992553
state_dept,5,DeepSets_Q,DeepSets,TX__HOUSEHOLD_2,1708,76,61093.55078125,0.018179675912848022,mean_spl,0.20511183399180602
state_dept,5,DeepSets_Q,DeepSets,WI__FOODS_1,1708,77,66279.75,0.019722938987438814,mean_spl,0.23745581139839844
state_dept,5,DeepSets_Q,DeepSets,WI__FOODS_2,1708,78,166701.859375,0.049605657859990875,mean_spl,0.4131221965774761
state_dept,5,DeepSets_Q,DeepSets,WI__FOODS_3,1708,79,309017.375,0.09195464426440203,mean_spl,0.08402126650338176
state_dept,5,DeepSets_Q,DeepSets,WI__HOBBIES_1,1708,80,89558.953125,0.026650157374813088,mean_spl,0.12628386349799536
state_dept,5,DeepSets_Q,DeepSets,WI__HOBBIES_2,1708,81,5060.5205078125,0.0015058647206766594,mean_spl,0.33387968281610925
state_dept,5,DeepSets_Q,DeepSets,WI__HOUSEHOLD_1,1708,82,200282.53125,0.05959829577048129,mean_spl,0.18381581085830567
state_dept,5,DeepSets_Q,DeepSets,WI__HOUSEHOLD_2,1708,83,45402.77734375,0.013510554994716343,mean_spl,0.233905239437436
