task,model,base_model,wrmsse,wape,history,fold,wspl
state_dept,DeepSets,DeepSets,0.8615600173885547,0.16227890704017214,"{'train_loss': [0.19915817711943914, 0.0692667236293099, 0.06236779278761348, 0.07232953130202453, 0.05600761501222336, 0.050611464780393946, 0.060433706512114195, 0.05041122343674257, 0.04085295658705807, 0.04311177301198893, 0.04220925971465572, 0.03933183098138285, 0.03937523593520321, 0.03915842919182995, 0.033081230816922956, 0.031103156373025558, 0.03152312014512378], 'valid_loss': [0.07737611996985617, 0.06237627078025114, 0.07941302337816783, 0.06022209408027785, 0.05917869064779509, 0.06581142048041026, 0.08574911730275267, 0.0606476611324719, 0.05586133799737408, 0.06472873900617872, 0.05474056303501129, 0.05886674308705898, 0.05970737169541064, 0.06005598675637018, 0.061067601488459675, 0.0693399447592951, 0.0608450939790124]}",1,
state_dept,DeepSets_Q,DeepSets,,,"{'train_loss': [0.07207557910028561, 0.03668033760776998, 0.03342333513575303, 0.0324964839266849, 0.03159965175980553, 0.03213971521867686, 0.029440842748156313, 0.030806217135025495, 0.02947953310743231, 0.02822243211849422, 0.028551038433896735, 0.026371853550652604, 0.026103787862043735, 0.025538334773953442, 0.025548117110749145, 0.02493283092379268, 0.024547113118864965, 0.026978825623775324, 0.024889474461023086, 0.0238402544935031, 0.02435782260573804], 'valid_loss': [0.04066932467477662, 0.0349807757884264, 0.037076125897112344, 0.033682803224240034, 0.03259867021725291, 0.03402065805026463, 0.031793486504327687, 0.03130530477279708, 0.0324497257492372, 0.03709125110790843, 0.03136797231577691, 0.030700433023628734, 0.032689054984421956, 0.03046338703660738, 0.029458176167238326, 0.032615319160478454, 0.03387586754702386, 0.032997929358056614, 0.034341473930648396, 0.03540934737594355, 0.03334121645561287]}",1,0.21115751391744497
state_dept,DeepSets,DeepSets,0.7452360506480772,0.13120812871661536,"{'train_loss': [0.17538269785883592, 0.08023855350803008, 0.06793599166663905, 0.06660928662895316, 0.05079202889758945, 0.055405679713677616, 0.07305486228016538, 0.06810417981497921, 0.04130797154940773, 0.04208927428163407, 0.043888030658802785, 0.048314157761162754, 0.037282875129922254, 0.03658906628166853, 0.040595732681793534, 0.03336457932907346, 0.03616892780648839, 0.030900800265770034, 0.029488561063121546, 0.027551454679263922, 0.025748780288663852], 'valid_loss': [0.05296107390451999, 0.04179562104954606, 0.03865871684891837, 0.03792848677507469, 0.035838703270114604, 0.0494593938014337, 0.11868574727504026, 0.03855505953764632, 0.03885529979708649, 0.03570388359505506, 0.03573222773238307, 0.03248542485137781, 0.04017142113298178, 0.03496780370672544, 0.03210227914331924, 0.042110077726344265, 0.03336767191510825, 0.03559731071194013, 0.034969912886264776, 0.03240252454720792, 0.0323052013825093]}",2,
state_dept,DeepSets_Q,DeepSets,,,"{'train_loss': [0.06981216068402207, 0.03708097590830456, 0.03509087105751385, 0.03273407567882561, 0.03326467677147152, 0.0316530657485055, 0.030167476494006442, 0.028642497587482017, 0.02814279255919716, 0.027992443980755913, 0.027567636876921844, 0.028002551211038763, 0.026998967001082484, 0.02625306113736217, 0.026238639604579023, 0.026875777153770708, 0.02499067809421884, 0.024694037278869756, 0.024758666686793343], 'valid_loss': [0.034801749689947994, 0.030960500772510256, 0.029154468948642414, 0.028126731869720277, 0.029260436693827312, 0.032248837695944874, 0.028514002937646138, 0.026701213082387334, 0.028511529078795797, 0.02809171493919123, 0.026117480493017604, 0.027626776092109225, 0.025328455315459342, 0.02712705305644444, 0.027046444604084605, 0.027773067709945497, 0.025745918974280357, 0.02682683616876602, 0.026023324046816145]}",2,0.18310620268749142
state_dept,DeepSets,DeepSets,0.778800569730075,0.14131178329468,"{'train_loss': [0.1508572747831752, 0.07396678317661713, 0.07337085427551154, 0.06201770453671225, 0.06208738374387294, 0.06710636847409882, 0.048455391127883995, 0.0466428268266047, 0.04035821433564305, 0.04756074449713546, 0.04169793534470873, 0.04931267571785982, 0.04006153546590236, 0.0337819215484193, 0.03450735809105813, 0.03178311771357538], 'valid_loss': [0.06334797567909672, 0.1394058714310328, 0.05133095002245335, 0.0518940334163961, 0.09789072456104415, 0.07151041312941483, 0.046947517476621126, 0.04887281961384274, 0.04890575925154345, 0.04641530529728958, 0.12218283719959713, 0.050450773820990606, 0.054623073587814965, 0.050268079730726424, 0.048932901450565884, 0.049071526332270535]}",3,
state_dept,DeepSets_Q,DeepSets,,,"{'train_loss': [0.0688205248042315, 0.03610004541002402, 0.034625353166410903, 0.03291986732596721, 0.031820398648412955, 0.031723913643596106, 0.030696936852596942, 0.030608738776918998, 0.03018001169418476, 0.027450355748975534, 0.027753757570290208, 0.027227160751290905, 0.026616107192443533, 0.025984038693619933, 0.026964226045430986, 0.025020906297328258, 0.02454978295442771, 0.02424388244595069], 'valid_loss': [0.034531240041057266, 0.034108764004139674, 0.03271869738541898, 0.03259786245013986, 0.03537735671159767, 0.028766120739635966, 0.03165781631001404, 0.030323954387789682, 0.03443462224233718, 0.028925219728123574, 0.03062826297467663, 0.027606508561543057, 0.03368889824265525, 0.02773170723091988, 0.030791815370321274, 0.030010086351207325, 0.031172958956587882, 0.03427962071838833]}",3,0.19328293238401725
state_dept,DeepSets,DeepSets,0.8072577618524948,0.13957431769273493,"{'train_loss': [0.1568726349056356, 0.07482907103051609, 0.08531219260524439, 0.058270980660056385, 0.06122449947636564, 0.04979372843899174, 0.042045397705734046, 0.04204588463431206, 0.03883318548314173, 0.038285534905047165, 0.03919416067909252, 0.03613907485691578, 0.03445634767764582, 0.03218824533546496, 0.030870876797982838, 0.028369159905469215, 0.028743989936344708, 0.02738611487988031, 0.02758541018413405, 0.026513364885641665, 0.02742647638700079, 0.02592666024385691, 0.02576985535431931], 'valid_loss': [0.14429898631005061, 0.05867426230439118, 0.05832284848604884, 0.059339540966209914, 0.06751498171970957, 0.0734276617211955, 0.051455412414811906, 0.04899901488707179, 0.06599616303685166, 0.06341925405320667, 0.07146827965265229, 0.04826852014022214, 0.05142035477218174, 0.04889969873641219, 0.057455672128569515, 0.05583113272275243, 0.04753934618617807, 0.053027577964322906, 0.04825597708778722, 0.07393869101291611, 0.05290552729829436, 0.051342151571242584, 0.050476081137146266]}",4,
state_dept,DeepSets_Q,DeepSets,,,"{'train_loss': [0.06796910023017178, 0.035490073109679894, 0.036187146260651615, 0.03371821361638251, 0.03285874163954513, 0.03369473064149272, 0.03204639656644947, 0.030692755553439623, 0.031143778789477206, 0.029424069353914003, 0.028807659113824848, 0.027904118137619886, 0.02796778494370005, 0.026664881519337335, 0.026556907743818033, 0.02630914713072809, 0.02570924183114466, 0.02464207739427833, 0.024539828857763436, 0.024606395690214066], 'valid_loss': [0.03692439358149256, 0.034714972866433005, 0.03383625928489935, 0.03970244491384143, 0.03503975041565441, 0.03183364965731189, 0.030029844403976484, 0.02902681841736748, 0.032964524679950306, 0.029799067991830054, 0.03233618289232254, 0.02887221292725631, 0.02978084697609856, 0.02762660969580923, 0.028450659520569303, 0.029784860178118662, 0.029362516122914496, 0.028981840415369896, 0.030139536286393803, 0.02951899126526855]}",4,0.19549448843519227
state_dept,DeepSets,DeepSets,0.7108011611669678,0.1206433671981436,"{'train_loss': [0.14742046026633931, 0.07309863700075842, 0.0663211462962808, 0.06159798088140818, 0.06236929547412571, 0.04721031608019685, 0.04516213646086006, 0.039327477067063896, 0.04636570220385795, 0.0405469685309119, 0.041866862228003156, 0.04022120128010775, 0.041203673514517355, 0.035580286115924, 0.034586282996904284, 0.03445867072323184, 0.03025271509052355, 0.02711474569796613, 0.028409599279783246, 0.02880062036442034, 0.024909160508737937, 0.025068407255583704, 0.023204845633535157], 'valid_loss': [0.05619353393004054, 0.03568474398482414, 0.038335668543974556, 0.057827637841304146, 0.04237816278778371, 0.03111026937230712, 0.02988128275388763, 0.03363761048586596, 0.036392489359492346, 0.029720344935499486, 0.04654434695839882, 0.057080658862278574, 0.029527038734938418, 0.033340271118850934, 0.031842583879118876, 0.031066448738177616, 0.028725968762522654, 0.03080556599334592, 0.03863733891575109, 0.045968430382864814, 0.04045481678275835, 0.031150157297296182, 0.033555535023056325]}",5,
state_dept,DeepSets_Q,DeepSets,,,"{'train_loss': [0.06399200396910633, 0.03713657071902638, 0.03401038712334065, 0.03324611083769695, 0.03308407709292777, 0.03140130212038626, 0.032330200147061124, 0.03284852122847652, 0.029149353762209673, 0.02822689621737509, 0.02791821484603149, 0.027269238252112103, 0.027176278252235224, 0.026803078239549805, 0.02705196507468626, 0.0268765369180219, 0.025309952203329506, 0.025220924748099727, 0.025178024982348148], 'valid_loss': [0.035965394494788985, 0.034998099718775065, 0.031156826409555617, 0.03422670101835614, 0.02712046399357773, 0.02744876682048752, 0.027864604124001095, 0.027764169676672844, 0.02646464127160254, 0.02696290993619533, 0.02763006445907411, 0.026209350941436633, 0.024907655304386503, 0.028388775264223415, 0.032195609994232655, 0.027415044162245022, 0.026686924287960642, 0.025908704935794787, 0.026625309316884904]}",5,0.17656014162808698
