task,model,wrmsse_mean,wrmsse_std,wape_mean,wape_std,n_folds
state_dept,AggregateElasticNet,1.2656822964409657,0.2604433464573092,0.22482532262802118,0.053395284357183194,5
state_dept,AggregateHistGB,0.8375901527070919,0.047331249222064775,0.1472308427095413,0.013605233437893362,5
state_dept,BottomUpGlobalHistGB,0.8547918638014302,0.05198693231193435,0.15152762532234187,0.014730918537351225,5
state_dept,ChildSummaryElasticNet,1.9814394424847515,0.7555084478184237,0.33464150726795194,0.12183025328184882,5
state_dept,ChildSummaryHistGB,0.8231527592976894,0.04848988322967268,0.14552667438983913,0.013041281271947308,5
state_dept,DeepSets,0.7807311121572339,0.05785931103990919,0.13900330078846918,0.015372547505551294,5
state_dept,M3_FullSkuTemporalCNN,0.780667691654737,0.05460341941454333,0.13719325031363147,0.012455674203926554,5
state_dept,SeasonalNaive,1.0175577439739374,0.11470500476005661,0.1811411917209625,0.025761590643966697,5
state_dept,SetTransformer,0.811183994501301,0.06235886809665397,0.14238000421126115,0.017082416024029923,5
store_cat,AggregateElasticNet,1.2387291640834763,0.2458187566822247,0.24947244524955745,0.05910832302243643,5
store_cat,AggregateHistGB,0.8332347040113994,0.042349163528411185,0.16737334132194515,0.013922653001549812,5
store_cat,BottomUpGlobalHistGB,0.8388660889726202,0.045752974781009,0.16781283318996426,0.014422711234607971,5
store_cat,ChildSummaryElasticNet,1.9617592854630233,0.7553873229706407,0.37103225886821745,0.14470624599457577,5
store_cat,ChildSummaryHistGB,0.8254198503225301,0.039992084080168945,0.16517172157764434,0.014035369058857862,5
store_cat,DeepSets,0.8088073693850861,0.03487821683040684,0.16254328317254493,0.012385151353411228,5
store_cat,M3_FullSkuTemporalCNN,0.7885361467012117,0.050974883647622954,0.1589047110698635,0.017729870109298582,5
store_cat,SeasonalNaive,1.0258892399116237,0.07870732461053145,0.20899686217308044,0.0213827388314758,5
store_cat,SetTransformer,0.796351393430467,0.05494052628412707,0.15946047305996183,0.017628690325758065,5
store_dept,AggregateElasticNet,1.1236149136345845,0.1563122093927964,0.2758119791746139,0.04821916756082306,5
store_dept,AggregateHistGB,0.8758622471095767,0.03877383083997689,0.20828060805797569,0.018120719755175894,5
store_dept,BottomUpGlobalHistGB,0.8935488028464527,0.043337296540566686,0.2128862679004669,0.017562994174604607,5
store_dept,ChildSummaryElasticNet,1.636802247588049,0.5711117759383215,0.3800848245620727,0.1315166012433373,5
store_dept,ChildSummaryHistGB,0.862583881341972,0.03664811589744182,0.20522367954254145,0.017685749897848917,5
store_dept,DeepSets,0.8610569403317172,0.031805527415063345,0.20808707039300006,0.015230518827469891,5
store_dept,M3_FullSkuTemporalCNN,0.844078790299766,0.031879367568939575,0.20203101488818845,0.01734968701445462,5
store_dept,SeasonalNaive,1.0777219800323734,0.07237492533707354,0.2599497854709625,0.025086733374562988,5
store_dept,SetTransformer,0.8524580317344151,0.02917433806730469,0.2050566623375932,0.015257529252349768,5
