task,model,wspl_mean,wspl_std,n_folds
state_dept,M3_FullSkuTemporalCNN_Q,0.1951795356858297,0.0148504978468153,5
store_cat,M3_FullSkuTemporalCNN_Q,0.203736796511943,0.0112157069926445,5
store_dept,M3_FullSkuTemporalCNN_Q,0.2134743583864008,0.0080558793729836,5
state_dept,DeepSets_Q,0.1919202558104465,0.0132129175991208,5
store_cat,DeepSets_Q,0.2032401308075082,0.0116604775043739,5
store_dept,DeepSets_Q,0.2180650309430439,0.0108237544634987,5
state_dept,SetTransformer_Q,0.2021218623118724,0.0144712594016541,5
store_cat,SetTransformer_Q,0.2040613539123118,0.0111581469123013,5
store_dept,SetTransformer_Q,0.2132372608842069,0.0088580174329918,5
